176,0,0,5.649999999999988
192,23,5.649999999999988
144,72,0,0.0001,5.699999999999988
176,10,93,5.699999999999988
144,72,56,0.074514542728,5.699999999999988
144,67,0,0.0001,5.699999999999988
176,10,93,5.699999999999988
144,70,50,0.0773559046392,5.699999999999988
144,58,0,0.0001,5.699999999999988
176,10,92,5.699999999999988
144,68,0,0.0001,5.749999999999988
176,10,62,5.749999999999988
144,77,0,0.0001,5.749999999999988
176,10,94,5.749999999999988
144,77,60,0.0691334459517,5.749999999999988
144,72,0,0.0001,5.749999999999988
176,10,90,5.749999999999988
144,74,59,0.0700115015999,5.749999999999988
144,70,0,0.0001,5.749999999999988
176,10,89,5.749999999999988
144,72,51,0.087018149791,5.749999999999988
144,70,0,0.0001,5.799999999999987
176,10,95,5.799999999999987
144,72,55,0.0717650646447,5.799999999999987
144,65,0,0.0001,5.799999999999987
176,10,95,5.799999999999987
144,72,0,0.0001,5.799999999999987
176,10,90,5.799999999999987
144,74,60,0.0854976537363,5.799999999999987
144,74,0,0.0001,5.849999999999987
176,10,91,5.849999999999987
144,77,0,0.0001,5.849999999999987
176,10,91,5.849999999999987
144,77,65,0.0799598162836,5.849999999999987
144,72,0,0.0001,5.849999999999987
176,10,90,5.849999999999987
144,74,53,0.0849228363258,5.849999999999987
144,70,0,0.0001,5.899999999999987
176,10,93,5.899999999999987
144,72,0,0.0001,5.899999999999987
176,10,94,5.899999999999987
144,72,59,0.0738058691075,5.899999999999987
144,72,0,0.0001,5.899999999999987
176,10,72,5.899999999999987
144,74,0,0.0001,5.899999999999987
176,10,88,5.899999999999987
144,74,64,0.0927977926252,5.899999999999987
144,75,0,0.0001,5.949999999999987
176,10,90,5.949999999999987
144,74,0,0.0001,5.949999999999987
176,10,89,5.949999999999987
144,77,0,0.0001,5.949999999999987
176,10,89,5.949999999999987
144,79,68,0.0894144184312,5.949999999999987
144,74,0,0.0001,5.999999999999987
176,10,90,5.999999999999987
144,79,66,0.0730315818282,5.999999999999987
144,72,0,0.0001,5.999999999999987
176,10,93,5.999999999999987
144,74,0,0.0001,5.999999999999987
176,10,87,5.999999999999987
144,75,67,0.099086857073,5.999999999999987
144,75,0,0.0001,6.0499999999999865
176,10,90,6.0499999999999865
144,77,69,0.0732278902944,6.0499999999999865
144,75,0,0.0001,6.0499999999999865
176,10,89,6.0499999999999865
144,79,0,0.0001,6.0499999999999865
176,10,87,6.0499999999999865
144,79,70,0.096477289144,6.0499999999999865
144,75,0,0.0001,6.099999999999986
176,10,83,6.099999999999986
144,79,64,0.154258698865,6.099999999999986
144,79,0,0.0001,6.099999999999986
176,10,86,6.099999999999986
144,82,75,0.0769701168689,6.099999999999986
144,74,0,0.0001,6.099999999999986
176,10,92,6.099999999999986
144,75,66,0.0798550872721,6.099999999999986
144,75,0,0.0001,6.149999999999986
176,10,85,6.149999999999986
144,77,0,0.0001,6.149999999999986
176,10,89,6.149999999999986
144,79,73,0.0796028994206,6.149999999999986
144,77,0,0.0001,6.149999999999986
176,10,87,6.149999999999986
144,79,0,0.0001,6.199999999999986
176,10,86,6.199999999999986
144,79,72,0.101109885466,6.199999999999986
144,82,0,0.0001,6.199999999999986
176,10,83,6.199999999999986
144,84,82,0.0828103003997,6.199999999999986
144,75,0,0.0001,6.199999999999986
176,10,91,6.199999999999986
144,79,0,0.0001,6.249999999999986
176,10,87,6.249999999999986
144,79,75,0.0868360580557,6.249999999999986
144,77,0,0.0001,6.249999999999986
176,10,86,6.249999999999986
144,79,64,0.0992618764886,6.249999999999986
144,75,0,0.0001,6.299999999999986
176,10,84,6.299999999999986
144,75,72,0.109898468269,6.299999999999986
144,79,0,0.0001,6.299999999999986
176,10,96,6.299999999999986
144,70,63,0.17853882301,6.299999999999986
144,84,0,0.0001,6.299999999999986
176,10,81,6.299999999999986
144,82,84,0.0907323722518,6.299999999999986
144,75,0,0.0001,6.299999999999986
176,10,90,6.299999999999986
144,75,70,0.0911232604004,6.299999999999986
144,79,0,0.0001,6.349999999999985
176,10,84,6.349999999999985
144,79,0,0.0001,6.349999999999985
176,10,86,6.349999999999985
144,79,76,0.0921774175459,6.349999999999985
144,79,0,0.0001,6.399999999999985
176,10,85,6.399999999999985
144,75,0,0.0001,6.399999999999985
176,10,88,6.399999999999985
144,75,71,0.0967042774225,6.399999999999985
144,82,0,0.0001,6.449999999999985
176,10,76,6.449999999999985
144,77,86,0.111627601906,6.449999999999985
144,75,0,0.0001,6.449999999999985
176,10,82,6.449999999999985
144,74,73,0.116985230837,6.449999999999985
144,79,0,0.0001,6.449999999999985
176,10,85,6.449999999999985
144,79,76,0.0961146241079,6.449999999999985
144,79,0,0.0001,6.499999999999985
176,10,83,6.499999999999985
144,79,75,0.114870897076,6.499999999999985
144,70,0,0.0001,6.499999999999985
176,10,88,6.499999999999985
144,75,0,0.0001,6.549999999999985
176,10,87,6.549999999999985
144,75,71,0.10301234573,6.549999999999985
144,79,0,0.0001,6.549999999999985
176,10,84,6.549999999999985
144,77,63,0.109573203095,6.549999999999985
144,79,0,0.0001,6.5999999999999845
176,10,84,6.5999999999999845
144,74,0,0.0001,6.5999999999999845
176,10,80,6.5999999999999845
144,74,73,0.124777500425,6.5999999999999845
144,77,0,0.0001,6.5999999999999845
176,10,70,6.5999999999999845
144,79,0,0.0001,6.649999999999984
176,10,81,6.649999999999984
144,77,74,0.122370731014,6.649999999999984
144,75,0,0.0001,6.699999999999984
176,10,85,6.699999999999984
144,74,69,0.111084708195,6.699999999999984
144,77,0,0.0001,6.699999999999984
176,10,83,6.699999999999984
144,75,61,0.114779410892,6.699999999999984
144,62,0,0.0001,6.699999999999984
176,10,75,6.699999999999984
144,51,63,0.189629714953,6.699999999999984
144,77,0,0.0001,6.749999999999984
176,10,83,6.749999999999984
144,74,0,0.0001,6.749999999999984
176,10,79,6.749999999999984
144,72,71,0.132606330738,6.749999999999984
144,74,0,0.0001,6.799999999999984
176,10,64,6.799999999999984
144,67,86,0.167306612555,6.799999999999984
144,77,0,0.0001,6.799999999999984
176,10,80,6.799999999999984
144,74,0,0.0001,6.849999999999984
176,10,84,6.849999999999984
144,75,0,0.0001,6.849999999999984
176,10,81,6.849999999999984
144,74,58,0.121815247831,6.849999999999984
144,75,0,0.0001,6.8999999999999835
176,10,81,6.8999999999999835
144,51,0,0.0001,6.8999999999999835
176,10,63,6.8999999999999835
144,72,0,0.0001,6.8999999999999835
176,10,77,6.8999999999999835
144,68,67,0.14060104494,6.8999999999999835
144,75,0,0.0001,6.949999999999983
176,10,79,6.949999999999983
144,74,68,0.136307456084,6.949999999999983
144,72,0,0.0001,6.999999999999983
176,10,82,6.999999999999983
144,70,63,0.127746631432,6.999999999999983
144,74,0,0.0001,6.999999999999983
176,10,79,6.999999999999983
144,72,55,0.129764090246,6.999999999999983
144,67,0,0.0001,7.049999999999983
176,10,57,7.049999999999983
144,56,80,0.204192017324,7.049999999999983
144,72,0,0.0001,7.049999999999983
176,10,79,7.049999999999983
144,70,66,0.124738439142,7.049999999999983
144,68,0,0.0001,7.049999999999983
176,10,75,7.049999999999983
144,67,63,0.149172020389,7.049999999999983
144,43,0,0.0001,7.099999999999983
176,10,51,7.099999999999983
144,36,62,0.183934088097,7.099999999999983
144,74,0,0.0001,7.099999999999983
176,10,77,7.099999999999983
144,72,65,0.143550286143,7.099999999999983
144,70,0,0.0001,7.149999999999983
176,10,80,7.149999999999983
144,68,59,0.133832353219,7.149999999999983
144,72,0,0.0001,7.149999999999983
176,10,78,7.149999999999983
144,68,50,0.136434523427,7.149999999999983
144,70,0,0.0001,7.199999999999982
176,10,77,7.199999999999982
144,68,61,0.132638054787,7.199999999999982
144,67,0,0.0001,7.249999999999982
176,10,73,7.249999999999982
144,63,54,0.157174512162,7.249999999999982
144,72,0,0.0001,7.299999999999982
176,10,75,7.299999999999982
144,68,57,0.150935565265,7.299999999999982
144,36,0,0.0001,7.299999999999982
176,10,40,7.299999999999982
144,43,60,0.181497425988,7.299999999999982
144,68,0,0.0001,7.299999999999982
176,10,78,7.299999999999982
144,65,52,0.139598681349,7.299999999999982
144,68,0,0.0001,7.299999999999982
176,10,75,7.299999999999982
144,65,44,0.144951862318,7.299999999999982
144,56,0,0.0001,7.299999999999982
176,10,50,7.299999999999982
144,46,68,0.247199747922,7.299999999999982
144,68,0,0.0001,7.349999999999982
176,10,75,7.349999999999982
144,63,0,0.0001,7.4499999999999815
176,10,70,7.4499999999999815
144,60,42,0.168958805113,7.4499999999999815
144,65,0,0.0001,7.4499999999999815
176,10,76,7.4499999999999815
144,63,44,0.146495901328,7.4499999999999815
144,65,0,0.0001,7.499999999999981
176,10,72,7.499999999999981
144,68,0,0.0001,7.499999999999981
176,10,72,7.499999999999981
144,43,0,0.0001,7.499999999999981
176,10,42,7.499999999999981
144,53,55,0.176026703803,7.499999999999981
144,65,0,0.0001,7.499999999999981
176,10,72,7.499999999999981
144,63,45,0.148499902142,7.499999999999981
144,46,0,0.0001,7.599999999999981
176,10,42,7.599999999999981
144,46,45,0.289495259368,7.599999999999981
144,63,0,0.0001,7.649999999999981
176,10,72,7.649999999999981
144,62,31,0.153869450549,7.649999999999981
144,60,0,0.0001,7.649999999999981
176,10,65,7.649999999999981
144,58,28,0.179619978502,7.649999999999981
144,63,0,0.0001,7.699999999999981
176,10,69,7.699999999999981
144,62,0,0.0001,7.699999999999981
176,10,67,7.699999999999981
144,60,21,0.165315154234,7.699999999999981
144,53,0,0.0001,7.699999999999981
176,10,47,7.699999999999981
144,65,0,0.0001,7.699999999999981
176,10,67,7.699999999999981
144,62,0,0.0001,7.84999999999998
176,10,67,7.84999999999998
144,60,19,0.161780477937,7.84999999999998
144,58,0,0.0001,7.84999999999998
176,10,60,7.84999999999998
144,56,16,0.187305459352,7.84999999999998
144,46,0,0.0001,7.89999999999998
176,10,47,7.89999999999998
144,55,17,0.255554232823,7.89999999999998
144,65,0,0.0001,7.89999999999998
176,10,53,7.89999999999998
144,77,36,0.161939877545,7.89999999999998
144,62,0,0.0001,7.89999999999998
176,10,63,7.89999999999998
144,60,20,0.162805044573,7.89999999999998
144,60,0,0.0001,7.89999999999998
176,10,61,7.89999999999998
144,60,12,0.173413301343,7.89999999999998
144,63,0,0.0001,7.89999999999998
176,10,62,7.89999999999998
144,63,21,0.176849900317,7.89999999999998
144,60,0,0.0001,8.04999999999998
176,10,62,8.04999999999998
144,56,0,0.0001,8.04999999999998
176,10,55,8.04999999999998
144,58,7,0.189947032446,8.04999999999998
144,77,0,0.0001,8.09999999999998
176,10,58,8.09999999999998
144,84,29,0.153138458023,8.09999999999998
144,60,0,0.0001,8.09999999999998
176,10,59,8.09999999999998
144,62,13,0.164207938761,8.09999999999998
144,60,0,0.0001,8.09999999999998
176,10,57,8.09999999999998
144,60,5,0.174373892781,8.09999999999998
144,63,0,0.0001,8.09999999999998
176,10,57,8.09999999999998
144,63,13,0.178289614844,8.09999999999998
144,55,0,0.0001,8.09999999999998
176,10,55,8.09999999999998
144,58,6,0.187655455913,8.09999999999998
144,62,0,0.0001,8.249999999999982
176,10,59,8.249999999999982
144,62,5,0.157832532995,8.249999999999982
144,58,0,0.0001,8.249999999999982
176,10,51,8.249999999999982
144,84,0,0.0001,8.249999999999982
176,10,63,8.249999999999982
144,75,39,0.147946985937,8.249999999999982
144,62,0,0.0001,8.299999999999983
176,10,56,8.299999999999983
144,58,0,0.0001,8.299999999999983
176,10,57,8.299999999999983
144,58,4,0.159163381417,8.299999999999983
144,60,0,0.0001,8.299999999999983
176,10,55,8.299999999999983
144,63,0,0.0001,8.299999999999983
176,10,54,8.299999999999983
144,65,10,0.172838466216,8.299999999999983
144,62,0,0.0001,8.399999999999984
176,10,56,8.399999999999984
144,75,0,0.0001,8.449999999999985
176,10,66,8.449999999999985
144,58,0,0.0001,8.449999999999985
176,10,49,8.449999999999985
144,58,0,0.0001,8.449999999999985
176,10,58,8.449999999999985
144,62,0,0.0001,8.449999999999985
176,10,54,8.449999999999985
144,63,11,0.144160812701,8.449999999999985
144,62,0,0.0001,8.499999999999986
176,10,54,8.499999999999986
144,62,6,0.15928647444,8.499999999999986
144,65,0,0.0001,8.499999999999986
176,10,52,8.499999999999986
144,63,0,0.0001,8.549999999999986
176,10,54,8.549999999999986
144,60,0,0.0001,8.599999999999987
176,10,58,8.599999999999987
144,63,0,0.0001,8.599999999999987
176,10,53,8.599999999999987
144,63,0,0.0001,8.649999999999988
176,10,69,8.649999999999988
144,50,57,0.15665937042,8.649999999999988
144,60,0,0.0001,8.649999999999988
176,10,49,8.649999999999988
144,62,0,0.0001,8.649999999999988
176,10,54,8.649999999999988
144,62,10,0.144247450105,8.649999999999988
144,65,0,0.0001,8.649999999999988
176,10,51,8.649999999999988
144,65,14,0.145602663803,8.649999999999988
144,63,0,0.0001,8.699999999999989
176,10,53,8.699999999999989
144,62,13,0.112006382009,8.699999999999989
144,60,0,0.0001,8.74999999999999
176,10,58,8.74999999999999
144,60,18,0.106665442429,8.74999999999999
144,63,0,0.0001,8.74999999999999
176,10,53,8.74999999999999
144,62,16,0.113854966717,8.74999999999999
144,62,0,0.0001,8.79999999999999
176,10,55,8.79999999999999
144,60,15,0.126066202452,8.79999999999999
144,65,0,0.0001,8.79999999999999
176,10,51,8.79999999999999
144,63,19,0.126472540525,8.79999999999999
144,60,0,0.0001,8.79999999999999
176,10,49,8.79999999999999
144,58,17,0.135549001064,8.79999999999999
144,62,0,0.0001,8.79999999999999
176,10,52,8.79999999999999
144,50,0,0.0001,8.79999999999999
176,10,70,8.79999999999999
144,60,0,0.0001,8.84999999999999
176,10,57,8.84999999999999
144,62,0,0.0001,8.84999999999999
176,10,52,8.84999999999999
144,62,19,0.0971341243344,8.84999999999999
144,62,0,0.0001,8.899999999999991
176,10,52,8.899999999999991
144,60,20,0.0814495371668,8.899999999999991
144,63,0,0.0001,8.949999999999992
176,10,51,8.949999999999992
144,60,0,0.0001,8.949999999999992
176,10,55,8.949999999999992
144,58,19,0.105916803847,8.949999999999992
144,58,0,0.0001,8.949999999999992
176,10,49,8.949999999999992
144,56,22,0.113056287269,8.949999999999992
144,58,0,0.0001,8.949999999999992
176,10,57,8.949999999999992
144,56,27,0.0729907290817,8.949999999999992
144,39,0,0.0001,8.949999999999992
176,10,69,8.949999999999992
144,36,64,0.136486934707,8.949999999999992
144,62,0,0.0001,8.949999999999992
176,10,52,8.949999999999992
144,60,0,0.0001,8.999999999999993
176,10,52,8.999999999999993
144,56,25,0.070509770271,8.999999999999993
144,56,0,0.0001,9.049999999999994
176,10,57,9.049999999999994
144,60,0,0.0001,9.049999999999994
176,10,52,9.049999999999994
144,62,0,0.0001,9.049999999999994
176,10,51,9.049999999999994
144,60,26,0.0905799715004,9.049999999999994
144,58,0,0.0001,9.049999999999994
176,10,55,9.049999999999994
144,56,23,0.09264375453,9.049999999999994
144,56,0,0.0001,9.049999999999994
176,10,49,9.049999999999994
144,55,27,0.0950910233488,9.049999999999994
144,56,0,0.0001,9.099999999999994
176,10,52,9.099999999999994
144,55,30,0.0598842596589,9.099999999999994
144,36,0,0.0001,9.099999999999994
176,10,67,9.099999999999994
144,43,66,0.128656487555,9.099999999999994
144,55,0,0.0001,9.149999999999995
176,10,57,9.149999999999995
144,53,44,0.0583307037924,9.149999999999995
144,58,0,0.0001,9.149999999999995
176,10,52,9.149999999999995
144,56,28,0.0729532170793,9.149999999999995
144,55,0,0.0001,9.149999999999995
176,10,49,9.149999999999995
144,53,31,0.0825929031048,9.149999999999995
144,60,0,0.0001,9.149999999999995
176,10,51,9.149999999999995
144,56,0,0.0001,9.149999999999995
176,10,56,9.149999999999995
144,55,27,0.0837942775629,9.149999999999995
144,55,0,0.0001,9.199999999999996
176,10,52,9.199999999999996
144,53,0,0.0001,9.249999999999996
176,10,57,9.249999999999996
144,51,54,0.0652466454225,9.249999999999996
144,56,0,0.0001,9.249999999999996
176,10,52,9.249999999999996
144,55,33,0.0672323884085,9.249999999999996
144,53,0,0.0001,9.249999999999996
176,10,49,9.249999999999996
144,55,0,0.0001,9.249999999999996
176,10,56,9.249999999999996
144,51,31,0.0766736514592,9.249999999999996
144,58,0,0.0001,9.249999999999996
176,10,51,9.249999999999996
144,55,34,0.0771013633504,9.249999999999996
144,43,0,0.0001,9.249999999999996
176,10,63,9.249999999999996
144,53,67,0.140185639687,9.249999999999996
144,53,0,0.0001,9.299999999999997
176,10,53,9.299999999999997
144,55,0,0.0001,9.349999999999998
176,10,52,9.349999999999998
144,51,0,0.0001,9.349999999999998
176,10,49,9.349999999999998
144,48,39,0.0679141857625,9.349999999999998
144,51,0,0.0001,9.349999999999998
176,10,56,9.349999999999998
144,55,0,0.0001,9.349999999999998
176,10,51,9.349999999999998
144,51,0,0.0001,9.349999999999998
176,10,58,9.349999999999998
144,50,63,0.0724638210706,9.349999999999998
144,51,0,0.0001,9.399999999999999
176,10,54,9.399999999999999
144,53,0,0.0001,9.45
176,10,58,9.45
144,65,69,0.150206454341,9.45
144,51,0,0.0001,9.45
176,10,52,9.45
144,48,45,0.0581520096885,9.45
144,48,0,0.0001,9.45
176,10,49,9.45
144,53,0,0.0001,9.45
176,10,51,9.45
144,51,43,0.0679737034679,9.45
144,50,0,0.0001,9.45
176,10,56,9.45
144,50,0,0.0001,9.45
176,10,58,9.45
144,46,72,0.0793308276665,9.45
144,50,0,0.0001,9.5
176,10,55,9.5
144,48,60,0.0744912648846,9.5
144,48,0,0.0001,9.55
176,10,52,9.55
144,46,52,0.0564867803383,9.55
144,46,0,0.0001,9.55
176,10,49,9.55
144,51,0,0.0001,9.55
176,10,51,9.55
144,48,48,0.0666694045511,9.55
144,48,0,0.0001,9.55
176,10,56,9.55
144,46,44,0.0678550409118,9.55
144,46,0,0.0001,9.55
176,10,58,9.55
144,44,81,0.0865435380525,9.55
144,48,0,0.0001,9.600000000000001
176,10,55,9.600000000000001
144,46,0,0.0001,9.650000000000002
176,10,52,9.650000000000002
144,43,58,0.0569706141139,9.650000000000002
144,65,0,0.0001,9.650000000000002
176,10,52,9.650000000000002
144,75,71,0.157709580157,9.650000000000002
144,43,0,0.0001,9.650000000000002
176,10,49,9.650000000000002
144,48,0,0.0001,9.650000000000002
176,10,51,9.650000000000002
144,46,0,0.0001,9.650000000000002
176,10,56,9.650000000000002
144,44,49,0.0685766726818,9.650000000000002
144,44,0,0.0001,9.650000000000002
176,10,59,9.650000000000002
144,43,89,0.0941235795114,9.650000000000002
144,46,0,0.0001,9.700000000000003
176,10,56,9.700000000000003
144,44,73,0.0845670061419,9.700000000000003
144,43,0,0.0001,9.750000000000004
176,10,52,9.750000000000004
144,41,0,0.0001,9.750000000000004
176,10,48,9.750000000000004
144,39,58,0.0662051582599,9.750000000000004
144,46,0,0.0001,9.750000000000004
176,10,50,9.750000000000004
144,44,58,0.0690598435775,9.750000000000004
144,44,0,0.0001,9.750000000000004
176,10,55,9.750000000000004
144,43,53,0.0708177500904,9.750000000000004
144,43,0,0.0001,9.800000000000004
176,10,59,9.800000000000004
144,44,0,0.0001,9.800000000000004
176,10,56,9.800000000000004
144,41,79,0.0905816818734,9.800000000000004
144,75,0,0.0001,9.850000000000005
176,10,48,9.850000000000005
144,84,73,0.160418289265,9.850000000000005
144,41,0,0.0001,9.850000000000005
176,10,52,9.850000000000005
144,39,67,0.0630182042025,9.850000000000005
144,39,0,0.0001,9.850000000000005
176,10,48,9.850000000000005
144,44,0,0.0001,9.850000000000005
176,10,50,9.850000000000005
144,43,0,0.0001,9.850000000000005
176,10,55,9.850000000000005
144,41,58,0.074384117248,9.850000000000005
144,41,0,0.0001,9.900000000000006
176,10,56,9.900000000000006
144,39,85,0.0974254812694,9.900000000000006
144,39,0,0.0001,9.950000000000006
176,10,60,9.950000000000006
144,38,108,0.114917083637,9.950000000000006
144,39,0,0.0001,9.950000000000006
176,10,52,9.950000000000006
144,39,0,0.0001,9.950000000000006
176,10,48,9.950000000000006
144,43,0,0.0001,9.950000000000006
176,10,50,9.950000000000006
144,43,65,0.0767549237111,9.950000000000006
144,41,0,0.0001,9.950000000000006
176,10,55,9.950000000000006
144,39,0,0.0001,10.050000000000008
176,10,56,10.050000000000008
144,84,0,0.0001,10.050000000000008
176,10,44,10.050000000000008
144,77,70,0.160768423361,10.050000000000008
144,38,0,0.0001,10.050000000000008
176,10,52,10.050000000000008
144,38,0,0.0001,10.050000000000008
176,10,47,10.050000000000008
144,38,67,0.0809841921659,10.050000000000008
144,43,0,0.0001,10.050000000000008
176,10,49,10.050000000000008
144,41,68,0.0827842444685,10.050000000000008
144,39,0,0.0001,10.050000000000008
176,10,54,10.050000000000008
144,39,65,0.0860106001741,10.050000000000008
144,38,0,0.0001,10.100000000000009
176,10,60,10.100000000000009
144,38,110,0.128786366782,10.100000000000009
144,38,0,0.0001,10.15000000000001
176,10,51,10.15000000000001
144,38,78,0.0817586625936,10.15000000000001
144,38,0,0.0001,10.15000000000001
176,10,47,10.15000000000001
144,38,70,0.0888989284571,10.15000000000001
144,41,0,0.0001,10.15000000000001
176,10,49,10.15000000000001
144,39,0,0.0001,10.15000000000001
176,10,54,10.15000000000001
144,38,0,0.0001,10.20000000000001
176,10,56,10.20000000000001
144,77,0,0.0001,10.25000000000001
176,10,52,10.25000000000001
144,38,0,0.0001,10.25000000000001
176,10,51,10.25000000000001
144,38,80,0.0900362411852,10.25000000000001
144,41,0,0.0001,10.25000000000001
176,10,49,10.25000000000001
144,41,73,0.0968550416816,10.25000000000001
144,38,0,0.0001,10.25000000000001
176,10,61,10.25000000000001
144,41,108,0.147085400658,10.25000000000001
144,38,0,0.0001,10.25000000000001
176,10,46,10.25000000000001
144,38,72,0.0981398780281,10.25000000000001
144,39,0,0.0001,10.25000000000001
176,10,54,10.25000000000001
144,38,0,0.0001,10.350000000000012
176,10,56,10.350000000000012
144,39,98,0.13507182771,10.350000000000012
144,38,0,0.0001,10.350000000000012
176,10,50,10.350000000000012
144,38,81,0.0998474024236,10.350000000000012
144,41,0,0.0001,10.400000000000013
176,10,48,10.400000000000013
144,43,75,0.106009014289,10.400000000000013
144,39,0,0.0001,10.400000000000013
176,10,53,10.400000000000013
144,38,0,0.0001,10.400000000000013
176,10,46,10.400000000000013
144,38,73,0.108401583056,10.400000000000013
144,41,0,0.0001,10.450000000000014
176,10,61,10.450000000000014
144,68,0,0.0001,10.450000000000014
176,10,63,10.450000000000014
144,58,66,0.17737806499,10.450000000000014
144,38,0,0.0001,10.500000000000014
176,10,50,10.500000000000014
144,39,0,0.0001,10.550000000000015
176,10,55,10.550000000000015
144,43,0,0.0001,10.550000000000015
176,10,48,10.550000000000015
144,39,0,0.0001,10.550000000000015
176,10,52,10.550000000000015
144,41,71,0.120457402124,10.550000000000015
144,38,0,0.0001,10.550000000000015
176,10,46,10.550000000000015
144,39,73,0.121280807654,10.550000000000015
144,39,0,0.0001,10.650000000000016
176,10,50,10.650000000000016
144,41,82,0.120818852153,10.650000000000016
144,58,0,0.0001,10.650000000000016
176,10,73,10.650000000000016
144,48,65,0.188394738267,10.650000000000016
144,44,0,0.0001,10.650000000000016
176,10,60,10.650000000000016
144,50,95,0.196107336397,10.650000000000016
144,44,0,0.0001,10.700000000000017
176,10,47,10.700000000000017
144,46,75,0.13068236047,10.700000000000017
144,41,0,0.0001,10.700000000000017
176,10,52,10.700000000000017
144,39,0,0.0001,10.700000000000017
176,10,45,10.700000000000017
144,41,73,0.134843489565,10.700000000000017
144,43,0,0.0001,10.750000000000018
176,10,55,10.750000000000018
144,46,86,0.18028237697,10.750000000000018
144,41,0,0.0001,10.800000000000018
176,10,49,10.800000000000018
144,43,81,0.130418112936,10.800000000000018
144,46,0,0.0001,10.85000000000002
176,10,47,10.85000000000002
144,43,0,0.0001,10.85000000000002
176,10,52,10.85000000000002
144,44,70,0.142524460609,10.85000000000002
144,41,0,0.0001,10.85000000000002
176,10,45,10.85000000000002
144,43,72,0.145806818522,10.85000000000002
144,48,0,0.0001,10.85000000000002
176,10,82,10.85000000000002
144,50,0,0.0001,10.90000000000002
176,10,59,10.90000000000002
144,56,80,0.219372203392,10.90000000000002
144,43,0,0.0001,10.95000000000002
176,10,49,10.95000000000002
144,46,0,0.0001,11.000000000000021
176,10,54,11.000000000000021
144,44,0,0.0001,11.050000000000022
176,10,52,11.050000000000022
144,48,0,0.0001,11.050000000000022
176,10,48,11.050000000000022
144,50,72,0.151919748954,11.050000000000022
144,43,0,0.0001,11.050000000000022
176,10,46,11.050000000000022
144,44,69,0.155004550434,11.050000000000022
144,38,0,0.0001,11.100000000000023
176,10,89,11.100000000000023
144,44,0,0.0001,11.100000000000023
176,10,50,11.100000000000023
144,46,77,0.14805627234,11.100000000000023
144,56,0,0.0001,11.150000000000023
176,10,58,11.150000000000023
144,63,60,0.245864204339,11.150000000000023
144,46,0,0.0001,11.250000000000025
176,10,53,11.250000000000025
144,48,64,0.161617658002,11.250000000000025
144,50,0,0.0001,11.250000000000025
176,10,49,11.250000000000025
144,51,69,0.164691427584,11.250000000000025
144,44,0,0.0001,11.250000000000025
176,10,47,11.250000000000025
144,46,66,0.164912767188,11.250000000000025
144,55,0,0.0001,11.250000000000025
176,10,53,11.250000000000025
144,46,0,0.0001,11.300000000000026
176,10,51,11.300000000000026
144,48,74,0.154059357487,11.300000000000026
144,41,0,0.0001,11.350000000000026
176,10,80,11.350000000000026
144,63,0,0.0001,11.450000000000028
176,10,56,11.450000000000028
144,48,0,0.0001,11.450000000000028
176,10,55,11.450000000000028
144,46,0,0.0001,11.450000000000028
176,10,49,11.450000000000028
144,51,0,0.0001,11.450000000000028
176,10,51,11.450000000000028
144,51,66,0.173240109788,11.450000000000028
144,48,0,0.0001,11.500000000000028
176,10,53,11.500000000000028
144,48,71,0.159351157207,11.500000000000028
144,60,0,0.0001,11.500000000000028
176,10,51,11.500000000000028
144,63,30,0.241218854917,11.500000000000028
144,51,0,0.0001,11.55000000000003
176,10,60,11.55000000000003
144,58,53,0.180617423175,11.55000000000003
144,48,0,0.0001,11.65000000000003
176,10,57,11.65000000000003
144,48,59,0.170325084332,11.65000000000003
144,48,0,0.0001,11.65000000000003
176,10,51,11.65000000000003
144,46,61,0.173692613319,11.65000000000003
144,51,0,0.0001,11.65000000000003
176,10,53,11.65000000000003
144,51,64,0.177057507357,11.65000000000003
144,48,0,0.0001,11.700000000000031
176,10,56,11.700000000000031
144,48,69,0.161136734099,11.700000000000031
144,58,0,0.0001,11.750000000000032
176,10,44,11.750000000000032
144,62,50,0.159935139739,11.750000000000032
144,67,0,0.0001,11.750000000000032
176,10,53,11.750000000000032
144,67,11,0.265200879931,11.750000000000032
144,63,0,0.0001,11.750000000000032
176,10,50,11.750000000000032
144,63,11,0.242586438004,11.750000000000032
144,48,0,0.0001,11.850000000000033
176,10,60,11.850000000000033
144,46,58,0.168734587079,11.850000000000033
144,46,0,0.0001,11.850000000000033
176,10,54,11.850000000000033
144,46,61,0.172074604658,11.850000000000033
144,51,0,0.0001,11.850000000000033
176,10,56,11.850000000000033
144,48,0,0.0001,11.900000000000034
176,10,59,11.900000000000034
144,46,68,0.158832597293,11.900000000000034
144,62,0,0.0001,11.900000000000034
176,10,30,11.900000000000034
144,63,0,0.0001,12.000000000000036
176,10,49,12.000000000000036
144,62,6,0.229629047393,12.000000000000036
144,67,0,0.0001,12.000000000000036
176,10,51,12.000000000000036
144,65,6,0.247522948367,12.000000000000036
144,46,0,0.0001,12.050000000000036
176,10,63,12.050000000000036
144,46,59,0.163594521714,12.050000000000036
144,46,0,0.0001,12.050000000000036
176,10,56,12.050000000000036
144,44,62,0.166250671349,12.050000000000036
144,50,0,0.0001,12.050000000000036
176,10,59,12.050000000000036
144,50,64,0.170336019672,12.050000000000036
144,63,0,0.0001,12.050000000000036
176,10,35,12.050000000000036
144,63,60,0.137758229076,12.050000000000036
144,46,0,0.0001,12.100000000000037
176,10,62,12.100000000000037
144,46,70,0.15255196493,12.100000000000037
144,63,0,0.0001,12.200000000000038
176,10,48,12.200000000000038
144,63,68,0.14294672618,12.200000000000038
144,62,0,0.0001,12.250000000000039
176,10,50,12.250000000000039
144,58,20,0.203009743385,12.250000000000039
144,46,0,0.0001,12.250000000000039
176,10,65,12.250000000000039
144,46,62,0.155986842856,12.250000000000039
144,44,0,0.0001,12.250000000000039
176,10,59,12.250000000000039
144,46,65,0.157297905297,12.250000000000039
144,50,0,0.0001,12.250000000000039
176,10,61,12.250000000000039
144,50,68,0.161666288329,12.250000000000039
144,65,0,0.0001,12.250000000000039
176,10,52,12.250000000000039
144,46,0,0.0001,12.250000000000039
176,10,66,12.250000000000039
144,46,73,0.143193727652,12.250000000000039
144,63,0,0.0001,12.35000000000004
176,10,61,12.35000000000004
144,62,76,0.146268223615,12.35000000000004
144,46,0,0.0001,12.400000000000041
176,10,68,12.400000000000041
144,48,78,0.134685137622,12.400000000000041
144,46,0,0.0001,12.400000000000041
176,10,61,12.400000000000041
144,46,0,0.0001,12.400000000000041
176,10,68,12.400000000000041
144,50,0,0.0001,12.450000000000042
176,10,64,12.450000000000042
144,51,74,0.150479499355,12.450000000000042
144,58,0,0.0001,12.450000000000042
176,10,53,12.450000000000042
144,55,37,0.166129656509,12.450000000000042
144,62,0,0.0001,12.450000000000042
176,10,55,12.450000000000042
144,58,37,0.1842599234,12.450000000000042
144,62,0,0.0001,12.500000000000043
176,10,74,12.500000000000043
144,60,86,0.147459214145,12.500000000000043
144,48,0,0.0001,12.550000000000043
176,10,71,12.550000000000043
144,50,84,0.125645407712,12.550000000000043
144,46,0,0.0001,12.550000000000043
176,10,63,12.550000000000043
144,48,0,0.0001,12.550000000000043
176,10,70,12.550000000000043
144,48,72,0.137699351444,12.550000000000043
144,55,0,0.0001,12.600000000000044
176,10,56,12.600000000000044
144,55,52,0.132758317609,12.600000000000044
144,51,0,0.0001,12.600000000000044
176,10,66,12.600000000000044
144,53,80,0.139037479623,12.600000000000044
144,58,0,0.0001,12.650000000000045
176,10,58,12.650000000000045
144,56,57,0.150849622321,12.650000000000045
144,60,0,0.0001,12.650000000000045
176,10,87,12.650000000000045
144,60,95,0.146927762321,12.650000000000045
144,50,0,0.0001,12.700000000000045
176,10,73,12.700000000000045
144,51,91,0.116982245993,12.700000000000045
144,48,0,0.0001,12.700000000000045
176,10,65,12.700000000000045
144,50,81,0.128163157276,12.700000000000045
144,48,0,0.0001,12.700000000000045
176,10,72,12.700000000000045
144,51,79,0.128927020247,12.700000000000045
144,55,0,0.0001,12.750000000000046
176,10,58,12.750000000000046
144,53,0,0.0001,12.750000000000046
176,10,69,12.750000000000046
144,55,87,0.131579178258,12.750000000000046
144,56,0,0.0001,12.800000000000047
176,10,61,12.800000000000047
144,60,0,0.0001,12.800000000000047
176,10,96,12.800000000000047
144,58,90,0.147315936007,12.800000000000047
144,51,0,0.0001,12.850000000000048
176,10,76,12.850000000000048
144,55,100,0.109975931887,12.850000000000048
144,50,0,0.0001,12.850000000000048
176,10,68,12.850000000000048
144,51,0,0.0001,12.850000000000048
176,10,74,12.850000000000048
144,53,87,0.121966382573,12.850000000000048
144,53,0,0.0001,12.850000000000048
176,10,61,12.850000000000048
144,53,80,0.0876616957844,12.850000000000048
144,55,0,0.0001,12.900000000000048
176,10,71,12.900000000000048
144,58,96,0.125243810847,12.900000000000048
144,56,0,0.0001,12.900000000000048
176,10,64,12.900000000000048
144,53,0,0.0001,12.950000000000049
176,10,63,12.950000000000049
144,55,0,0.0001,13.00000000000005
176,10,79,13.00000000000005
144,58,0,0.0001,13.00000000000005
176,10,88,13.00000000000005
144,53,0,0.0001,13.00000000000005
176,10,70,13.00000000000005
144,56,98,0.116122795988,13.00000000000005
144,53,0,0.0001,13.00000000000005
176,10,76,13.00000000000005
144,56,0,0.0001,13.00000000000005
176,10,66,13.00000000000005
144,58,99,0.0899934234965,13.00000000000005
144,55,0,0.0001,13.05000000000005
176,10,66,13.05000000000005
144,58,0,0.0001,13.05000000000005
176,10,74,13.05000000000005
144,63,107,0.120667256215,13.05000000000005
144,58,0,0.0001,13.100000000000051
176,10,69,13.100000000000051
144,60,112,0.0821240395851,13.100000000000051
144,60,0,0.0001,13.150000000000052
176,10,81,13.150000000000052
144,65,119,0.105968200553,13.150000000000052
144,55,0,0.0001,13.150000000000052
176,10,68,13.150000000000052
144,56,117,0.0610793491036,13.150000000000052
144,56,0,0.0001,13.150000000000052
176,10,72,13.150000000000052
144,58,0,0.0001,13.150000000000052
176,10,79,13.150000000000052
144,63,0,0.0001,13.200000000000053
176,10,77,13.200000000000053
144,68,117,0.119945707658,13.200000000000053
144,60,0,0.0001,13.200000000000053
176,10,72,13.200000000000053
144,62,125,0.0773778453298,13.200000000000053
144,58,0,0.0001,13.200000000000053
176,10,73,13.200000000000053
144,60,83,0.181965311528,13.200000000000053
144,56,0,0.0001,13.250000000000053
176,10,71,13.250000000000053
144,58,125,0.0581308870311,13.250000000000053
144,65,0,0.0001,13.300000000000054
176,10,84,13.300000000000054
144,68,122,0.111890092042,13.300000000000054
144,62,0,0.0001,13.300000000000054
176,10,75,13.300000000000054
144,65,116,0.117920934107,13.300000000000054
144,62,0,0.0001,13.300000000000054
176,10,81,13.300000000000054
144,67,115,0.120142323243,13.300000000000054
144,62,0,0.0001,13.300000000000054
176,10,75,13.300000000000054
144,62,124,0.0763281265849,13.300000000000054
144,58,0,0.0001,13.350000000000055
176,10,74,13.350000000000055
144,68,0,0.0001,13.350000000000055
176,10,80,13.350000000000055
144,70,122,0.125436161279,13.350000000000055
144,62,0,0.0001,13.400000000000055
176,10,75,13.400000000000055
144,60,0,0.0001,13.400000000000055
176,10,59,13.400000000000055
144,63,87,0.199330272352,13.400000000000055
144,68,0,0.0001,13.450000000000056
176,10,84,13.450000000000056
144,68,116,0.125768387152,13.450000000000056
144,65,0,0.0001,13.450000000000056
176,10,77,13.450000000000056
144,68,120,0.127260079569,13.450000000000056
144,67,0,0.0001,13.450000000000056
176,10,84,13.450000000000056
144,68,117,0.13008538365,13.450000000000056
144,60,0,0.0001,13.450000000000056
176,10,73,13.450000000000056
144,62,112,0.0942396670717,13.450000000000056
144,70,0,0.0001,13.500000000000057
176,10,81,13.500000000000057
144,63,0,0.0001,13.550000000000058
176,10,75,13.550000000000058
144,65,110,0.122139932146,13.550000000000058
144,62,0,0.0001,13.600000000000058
176,10,73,13.600000000000058
144,62,106,0.1156623442,13.600000000000058
144,68,0,0.0001,13.600000000000058
176,10,79,13.600000000000058
144,68,0,0.0001,13.600000000000058
176,10,86,13.600000000000058
144,68,117,0.144241210438,13.600000000000058
144,68,0,0.0001,13.600000000000058
176,10,82,13.600000000000058
144,63,0,0.0001,13.650000000000059
176,10,48,13.650000000000059
144,67,95,0.214809969098,13.650000000000059
144,72,0,0.0001,13.70000000000006
176,10,81,13.70000000000006
144,72,119,0.151075189495,13.70000000000006
144,65,0,0.0001,13.70000000000006
176,10,75,13.70000000000006
144,65,105,0.149638975462,13.70000000000006
144,62,0,0.0001,13.75000000000006
176,10,73,13.75000000000006
144,62,101,0.13978351757,13.75000000000006
144,68,0,0.0001,13.800000000000061
176,10,79,13.800000000000061
144,67,119,0.156276451748,13.800000000000061
144,68,0,0.0001,13.800000000000061
176,10,87,13.800000000000061
144,67,115,0.159255231471,13.800000000000061
144,68,0,0.0001,13.800000000000061
176,10,82,13.800000000000061
144,67,106,0.160743082116,13.800000000000061
144,72,0,0.0001,13.900000000000063
176,10,81,13.900000000000063
144,70,114,0.170212797007,13.900000000000063
144,65,0,0.0001,13.900000000000063
176,10,76,13.900000000000063
144,67,0,0.0001,13.900000000000063
176,10,39,13.900000000000063
144,68,105,0.23338528742,13.900000000000063
144,62,0,0.0001,13.950000000000063
176,10,75,13.950000000000063
144,67,0,0.0001,14.000000000000064
176,10,79,14.000000000000064
144,67,0,0.0001,14.000000000000064
176,10,89,14.000000000000064
144,65,109,0.18284073045,14.000000000000064
144,67,0,0.0001,14.000000000000064
176,10,82,14.000000000000064
144,67,99,0.18394909636,14.000000000000064
144,70,0,0.0001,14.100000000000065
176,10,82,14.100000000000065
144,65,0,0.0001,14.150000000000066
176,10,79,14.150000000000066
144,68,0,0.0001,14.200000000000067
176,10,37,14.200000000000067
144,70,116,0.251809532235,14.200000000000067
144,62,0,0.0001,14.200000000000067
176,10,78,14.200000000000067
144,65,0,0.0001,14.250000000000068
176,10,80,14.250000000000068
144,65,0,0.0001,14.250000000000068
176,10,88,14.250000000000068
144,67,0,0.0001,14.250000000000068
176,10,83,14.250000000000068
144,65,91,0.21656248374,14.250000000000068
144,68,0,0.0001,14.350000000000069
176,10,82,14.350000000000069
144,65,0,0.0001,14.45000000000007
176,10,82,14.45000000000007
144,63,88,0.251007973445,14.45000000000007
144,62,0,0.0001,14.45000000000007
176,10,80,14.45000000000007
144,70,0,0.0001,14.500000000000071
176,10,42,14.500000000000071
144,63,0,0.0001,14.500000000000071
176,10,81,14.500000000000071
144,65,0,0.0001,14.500000000000071
176,10,83,14.500000000000071
144,63,82,0.248557890483,14.500000000000071
144,63,0,0.0001,14.500000000000071
176,10,87,14.500000000000071
144,63,92,0.249592185605,14.500000000000071
144,67,0,0.0001,14.600000000000072
176,10,82,14.600000000000072
144,67,89,0.249109661701,14.600000000000072
144,60,0,0.0001,14.750000000000075
176,10,81,14.750000000000075
144,63,0,0.0001,14.750000000000075
176,10,82,14.750000000000075
144,63,75,0.269618913401,14.750000000000075
144,62,0,0.0001,14.800000000000075
176,10,80,14.800000000000075
144,63,0,0.0001,14.800000000000075
176,10,82,14.800000000000075
144,63,67,0.258832409401,14.800000000000075
144,63,0,0.0001,14.800000000000075
176,10,86,14.800000000000075
144,63,78,0.263933766528,14.800000000000075
144,70,0,0.0001,14.800000000000075
176,10,56,14.800000000000075
144,67,0,0.0001,14.900000000000077
176,10,80,14.900000000000077
144,68,73,0.256273674099,14.900000000000077
144,60,0,0.0001,15.050000000000079
176,10,79,15.050000000000079
144,63,47,0.274715831089,15.050000000000079
144,63,0,0.0001,15.050000000000079
176,10,79,15.050000000000079
144,62,0,0.0001,15.10000000000008
176,10,77,15.10000000000008
144,65,62,0.25915914513,15.10000000000008
144,63,0,0.0001,15.10000000000008
176,10,78,15.10000000000008
144,63,0,0.0001,15.10000000000008
176,10,82,15.10000000000008
144,70,0,0.0001,15.10000000000008
176,10,74,15.10000000000008
144,72,87,0.282632225726,15.10000000000008
144,68,0,0.0001,15.200000000000081
176,10,74,15.200000000000081
144,72,52,0.256802376685,15.200000000000081
144,67,0,0.0001,15.350000000000083
176,10,73,15.350000000000083
144,63,0,0.0001,15.350000000000083
176,10,73,15.350000000000083
144,68,30,0.2685771213,15.350000000000083
144,65,0,0.0001,15.400000000000084
176,10,70,15.400000000000084
144,70,50,0.251873896726,15.400000000000084
144,67,0,0.0001,15.400000000000084
176,10,72,15.400000000000084
144,65,0,0.0001,15.400000000000084
176,10,76,15.400000000000084
144,72,0,0.0001,15.400000000000084
176,10,88,15.400000000000084
144,72,56,0.264819403368,15.400000000000084
144,72,0,0.0001,15.450000000000085
176,10,65,15.450000000000085
144,68,0,0.0001,15.600000000000087
176,10,64,15.600000000000087
144,70,0,0.0001,15.650000000000087
176,10,66,15.650000000000087
144,75,38,0.253360651934,15.650000000000087
144,72,0,0.0001,15.650000000000087
176,10,93,15.650000000000087
144,70,33,0.22268940184,15.650000000000087
144,70,0,0.0001,15.650000000000087
176,10,61,15.650000000000087
144,72,0,0.0001,15.650000000000087
176,10,65,15.650000000000087
144,77,32,0.236517022757,15.650000000000087
144,68,0,0.0001,15.650000000000087
176,10,69,15.650000000000087
144,75,40,0.246325758092,15.650000000000087
144,77,0,0.0001,15.700000000000088
176,10,54,15.700000000000088
144,75,0,0.0001,15.85000000000009
176,10,53,15.85000000000009
144,82,18,0.21811976715,15.85000000000009
144,70,0,0.0001,15.85000000000009
176,10,82,15.85000000000009
144,68,18,0.171716379584,15.85000000000009
144,75,0,0.0001,15.900000000000091
176,10,52,15.900000000000091
144,79,41,0.212910371751,15.900000000000091
144,77,0,0.0001,15.900000000000091
176,10,55,15.900000000000091
144,80,29,0.213653478468,15.900000000000091
144,75,0,0.0001,15.900000000000091
176,10,58,15.900000000000091
144,79,38,0.221135118844,15.900000000000091
144,75,0,0.0001,15.900000000000091
176,10,55,15.900000000000091
144,79,36,0.227028507527,15.900000000000091
144,82,0,0.0001,15.900000000000091
176,10,42,15.900000000000091
144,82,31,0.199351247318,15.900000000000091
144,68,0,0.0001,16.000000000000092
176,10,71,16.000000000000092
144,82,0,0.0001,16.050000000000093
176,10,41,16.050000000000093
144,82,0,0.0001,16.100000000000094
176,10,37,16.100000000000094
144,79,42,0.176902839325,16.100000000000094
144,80,0,0.0001,16.100000000000094
176,10,45,16.100000000000094
144,82,32,0.195707573878,16.100000000000094
144,79,0,0.0001,16.100000000000094
176,10,43,16.100000000000094
144,79,0,0.0001,16.150000000000095
176,10,50,16.150000000000095
144,68,0,0.0001,16.150000000000095
176,10,61,16.150000000000095
144,79,0,0.0001,16.150000000000095
176,10,47,16.150000000000095
144,82,0,0.0001,16.250000000000096
176,10,36,16.250000000000096
144,68,0,0.0001,16.250000000000096
176,10,50,16.250000000000096
144,79,0,0.0001,16.300000000000097
176,10,34,16.300000000000097
144,75,52,0.159368930288,16.300000000000097
144,82,0,0.0001,16.300000000000097
176,10,37,16.300000000000097
144,82,36,0.183406088049,16.300000000000097
144,80,0,0.0001,16.300000000000097
176,10,35,16.300000000000097
144,79,48,0.185610717439,16.300000000000097
144,68,0,0.0001,16.350000000000097
176,10,42,16.350000000000097
144,80,0,0.0001,16.350000000000097
176,10,40,16.350000000000097
144,80,0,0.0001,16.350000000000097
176,10,37,16.350000000000097
144,80,43,0.199252057833,16.350000000000097
144,79,0,0.0001,16.4500000000001
176,10,33,16.4500000000001
144,75,47,0.157415000743,16.4500000000001
144,67,0,0.0001,16.4500000000001
176,10,35,16.4500000000001
144,65,10,0.0729491485266,16.4500000000001
144,75,0,0.0001,16.5000000000001
176,10,32,16.5000000000001
144,70,61,0.151457637844,16.5000000000001
144,82,0,0.0001,16.5000000000001
176,10,33,16.5000000000001
144,79,40,0.178653846855,16.5000000000001
144,79,0,0.0001,16.5000000000001
176,10,31,16.5000000000001
144,65,0,0.0001,16.5500000000001
176,10,30,16.5500000000001
144,79,0,0.0001,16.5500000000001
176,10,36,16.5500000000001
144,77,47,0.187313795725,16.5500000000001
144,80,0,0.0001,16.5500000000001
176,10,32,16.5500000000001
144,75,0,0.0001,16.6500000000001
176,10,32,16.6500000000001
144,63,0,0.0001,16.6500000000001
176,10,32,16.6500000000001
144,70,0,0.0001,16.700000000000102
176,10,33,16.700000000000102
144,79,0,0.0001,16.700000000000102
176,10,32,16.700000000000102
144,75,0,0.0001,16.700000000000102
176,10,33,16.700000000000102
144,77,0,0.0001,16.750000000000103
176,10,35,16.750000000000103
144,75,50,0.192059414949,16.750000000000103
144,74,0,0.0001,16.750000000000103
176,10,34,16.750000000000103
144,67,59,0.198774795551,16.750000000000103
144,62,0,0.0001,16.800000000000104
176,10,36,16.800000000000104
144,72,0,0.0001,16.850000000000104
176,10,32,16.850000000000104
144,65,63,0.166681263995,16.850000000000104
144,65,0,0.0001,16.900000000000105
176,10,35,16.900000000000105
144,58,78,0.16554264445,16.900000000000105
144,75,0,0.0001,16.900000000000105
176,10,32,16.900000000000105
144,70,48,0.183488916532,16.900000000000105
144,70,0,0.0001,16.900000000000105
176,10,35,16.900000000000105
144,60,0,0.0001,16.950000000000106
176,10,42,16.950000000000106
144,58,68,0.147140965702,16.950000000000106
144,75,0,0.0001,17.000000000000107
176,10,36,17.000000000000107
144,68,56,0.20115609758,17.000000000000107
144,67,0,0.0001,17.000000000000107
176,10,38,17.000000000000107
144,56,68,0.204714902172,17.000000000000107
144,65,0,0.0001,17.050000000000107
176,10,33,17.050000000000107
144,58,71,0.182273164639,17.050000000000107
144,58,0,0.0001,17.100000000000108
176,10,38,17.100000000000108
144,51,86,0.183832871139,17.100000000000108
144,70,0,0.0001,17.100000000000108
176,10,34,17.100000000000108
144,63,0,0.0001,17.100000000000108
176,10,37,17.100000000000108
144,58,0,0.0001,17.15000000000011
176,10,47,17.15000000000011
144,68,0,0.0001,17.25000000000011
176,10,39,17.25000000000011
144,60,62,0.220042226521,17.25000000000011
144,56,0,0.0001,17.25000000000011
176,10,43,17.25000000000011
144,50,79,0.222243388296,17.25000000000011
144,58,0,0.0001,17.30000000000011
176,10,36,17.30000000000011
144,53,77,0.204185143808,17.30000000000011
144,51,0,0.0001,17.35000000000011
176,10,43,17.35000000000011
144,65,0,0.0001,17.35000000000011
176,10,37,17.35000000000011
144,58,59,0.213600980645,17.35000000000011
144,58,0,0.0001,17.35000000000011
176,10,41,17.35000000000011
144,53,78,0.21896980508,17.35000000000011
144,55,0,0.0001,17.400000000000112
176,10,53,17.400000000000112
144,51,102,0.228070020838,17.400000000000112
144,60,0,0.0001,17.500000000000114
176,10,44,17.500000000000114
144,56,64,0.248141539003,17.500000000000114
144,50,0,0.0001,17.550000000000114
176,10,50,17.550000000000114
144,53,0,0.0001,17.550000000000114
176,10,42,17.550000000000114
144,50,78,0.233747168086,17.550000000000114
144,58,0,0.0001,17.600000000000115
176,10,43,17.600000000000115
144,55,59,0.243723217436,17.600000000000115
144,53,0,0.0001,17.650000000000116
176,10,48,17.650000000000116
144,51,77,0.25089299379,17.650000000000116
144,46,0,0.0001,17.650000000000116
176,10,50,17.650000000000116
144,51,0,0.0001,17.700000000000117
176,10,60,17.700000000000117
144,58,80,0.288026046491,17.700000000000117
144,56,0,0.0001,17.800000000000118
176,10,51,17.800000000000118
144,58,60,0.274727360604,17.800000000000118
144,50,0,0.0001,17.85000000000012
176,10,50,17.85000000000012
144,53,69,0.266637457433,17.85000000000012
144,46,0,0.0001,17.85000000000012
176,10,60,17.85000000000012
144,55,0,0.0001,17.90000000000012
176,10,51,17.90000000000012
144,51,0,0.0001,17.95000000000012
176,10,58,17.95000000000012
144,44,0,0.0001,17.95000000000012
176,10,60,17.95000000000012
144,53,71,0.293616277107,17.95000000000012
144,58,0,0.0001,18.00000000000012
176,10,68,18.00000000000012
144,68,42,0.258167978312,18.00000000000012
144,58,0,0.0001,18.100000000000122
176,10,62,18.100000000000122
144,55,0,0.0001,18.150000000000123
176,10,70,18.150000000000123
144,67,37,0.262520653871,18.150000000000123
144,53,0,0.0001,18.150000000000123
176,10,61,18.150000000000123
144,56,0,0.0001,18.200000000000124
176,10,62,18.200000000000124
144,63,31,0.293285822213,18.200000000000124
144,68,0,0.0001,18.250000000000124
176,10,74,18.250000000000124
144,77,2,0.20912980931,18.250000000000124
144,56,0,0.0001,18.250000000000124
176,10,69,18.250000000000124
144,62,46,0.273835924618,18.250000000000124
144,53,0,0.0001,18.250000000000124
176,10,71,18.250000000000124
144,62,49,0.278847315177,18.250000000000124
144,62,0,0.0001,18.400000000000126
176,10,72,18.400000000000126
144,65,29,0.262742580334,18.400000000000126
144,67,0,0.0001,18.400000000000126
176,10,81,18.400000000000126
144,77,6,0.230915706402,18.400000000000126
144,60,0,0.0001,18.450000000000127
176,10,74,18.450000000000127
144,63,28,0.271263934939,18.450000000000127
144,77,0,0.0001,18.450000000000127
176,10,81,18.450000000000127
144,72,11,0.180969885876,18.450000000000127
144,63,0,0.0001,18.500000000000128
176,10,75,18.500000000000128
144,67,8,0.274326111987,18.500000000000128
144,62,0,0.0001,18.55000000000013
176,10,75,18.55000000000013
144,63,32,0.257015556529,18.55000000000013
144,62,0,0.0001,18.55000000000013
176,10,80,18.55000000000013
144,62,35,0.266048529087,18.55000000000013
144,77,0,0.0001,18.65000000000013
176,10,90,18.65000000000013
144,72,14,0.208163597083,18.65000000000013
144,72,0,0.0001,18.65000000000013
176,10,77,18.65000000000013
144,62,33,0.169482656245,18.65000000000013
144,65,0,0.0001,18.65000000000013
176,10,76,18.65000000000013
144,65,13,0.249703065361,18.65000000000013
144,63,0,0.0001,18.75000000000013
176,10,81,18.75000000000013
144,67,0,0.0001,18.75000000000013
176,10,86,18.75000000000013
144,63,11,0.248273388391,18.75000000000013
144,63,0,0.0001,18.800000000000132
176,10,78,18.800000000000132
144,60,14,0.244034671477,18.800000000000132
144,62,0,0.0001,18.850000000000133
176,10,85,18.850000000000133
144,62,0,0.0001,18.850000000000133
176,10,70,18.850000000000133
144,72,0,0.0001,18.850000000000133
176,10,82,18.850000000000133
144,65,0,0.0001,18.900000000000134
176,10,81,18.900000000000134
144,62,4,0.234579793751,18.900000000000134
144,63,0,0.0001,19.000000000000135
176,10,85,19.000000000000135
144,62,0,0.0001,19.000000000000135
176,10,87,19.000000000000135
144,58,5,0.239411592781,19.000000000000135
144,62,0,0.0001,19.050000000000136
176,10,72,19.050000000000136
144,50,49,0.154115530035,19.050000000000136
144,48,0,0.0001,19.050000000000136
176,10,66,19.050000000000136
144,60,0,0.0001,19.050000000000136
176,10,82,19.050000000000136
144,55,6,0.226377845607,19.050000000000136
144,60,0,0.0001,19.100000000000136
176,10,89,19.100000000000136
144,55,13,0.238453205795,19.100000000000136
144,62,0,0.0001,19.150000000000137
176,10,84,19.150000000000137
144,56,13,0.20958682805,19.150000000000137
144,55,0,0.0001,19.200000000000138
176,10,81,19.200000000000138
144,48,31,0.150940422883,19.200000000000138
144,50,0,0.0001,19.200000000000138
176,10,64,19.200000000000138
144,36,0,0.0001,19.25000000000014
176,10,64,19.25000000000014
144,41,75,0.161428400992,19.25000000000014
144,58,0,0.0001,19.25000000000014
176,10,87,19.25000000000014
144,55,0,0.0001,19.30000000000014
176,10,85,19.30000000000014
144,50,8,0.21036360907,19.30000000000014
144,48,0,0.0001,19.35000000000014
176,10,78,19.35000000000014
144,39,40,0.112654164393,19.35000000000014
144,41,0,0.0001,19.35000000000014
176,10,60,19.35000000000014
144,55,0,0.0001,19.35000000000014
176,10,90,19.35000000000014
144,56,0,0.0001,19.35000000000014
176,10,82,19.35000000000014
144,51,22,0.185395530757,19.35000000000014
144,41,0,0.0001,19.45000000000014
176,10,64,19.45000000000014
144,53,75,0.169688004132,19.45000000000014
144,39,0,0.0001,19.45000000000014
176,10,76,19.45000000000014
144,36,47,0.0858375139856,19.45000000000014
144,56,0,0.0001,19.500000000000142
176,10,85,19.500000000000142
144,51,22,0.204063851533,19.500000000000142
144,36,0,0.0001,19.500000000000142
176,10,58,19.500000000000142
144,41,75,0.119838512768,19.500000000000142
144,50,0,0.0001,19.550000000000143
176,10,84,19.550000000000143
144,44,20,0.202460350686,19.550000000000143
144,36,0,0.0001,19.550000000000143
176,10,75,19.550000000000143
144,36,57,0.0698073873494,19.550000000000143
144,51,0,0.0001,19.550000000000143
176,10,81,19.550000000000143
144,46,33,0.171289539007,19.550000000000143
144,50,0,0.0001,19.600000000000144
176,10,89,19.600000000000144
144,43,31,0.21772104264,19.600000000000144
144,36,0,0.0001,19.650000000000144
176,10,71,19.650000000000144
144,41,66,0.0768361280591,19.650000000000144
144,53,0,0.0001,19.650000000000144
176,10,66,19.650000000000144
144,65,73,0.178985310115,19.650000000000144
144,41,0,0.0001,19.650000000000144
176,10,60,19.650000000000144
144,51,0,0.0001,19.700000000000145
176,10,85,19.700000000000145
144,46,0,0.0001,19.750000000000146
176,10,80,19.750000000000146
144,41,48,0.161488737695,19.750000000000146
144,44,0,0.0001,19.750000000000146
176,10,84,19.750000000000146
144,39,34,0.195320923363,19.750000000000146
144,41,0,0.0001,19.750000000000146
176,10,67,19.750000000000146
144,43,0,0.0001,19.850000000000147
176,10,87,19.850000000000147
144,38,48,0.208042802088,19.850000000000147
144,51,0,0.0001,19.850000000000147
176,10,63,19.850000000000147
144,63,83,0.173052634047,19.850000000000147
144,65,0,0.0001,19.850000000000147
176,10,69,19.850000000000147
144,75,71,0.185578786999,19.850000000000147
144,44,0,0.0001,19.900000000000148
176,10,64,19.900000000000148
144,46,0,0.0001,19.900000000000148
176,10,83,19.900000000000148
144,41,0,0.0001,19.95000000000015
176,10,79,19.95000000000015
144,36,66,0.156400328142,19.95000000000015
144,39,0,0.0001,19.95000000000015
176,10,82,19.95000000000015
144,75,0,0.0001,20.05000000000015
176,10,72,20.05000000000015
144,84,70,0.189671498009,20.05000000000015
144,51,0,0.0001,20.05000000000015
176,10,59,20.05000000000015
144,56,100,0.147407627087,20.05000000000015
144,38,0,0.0001,20.10000000000015
176,10,85,20.10000000000015
144,38,66,0.205129683961,20.10000000000015
144,63,0,0.0001,20.10000000000015
176,10,68,20.10000000000015
144,41,0,0.0001,20.10000000000015
176,10,81,20.10000000000015
144,36,0,0.0001,20.15000000000015
176,10,77,20.15000000000015
144,39,83,0.157938747351,20.15000000000015
144,38,0,0.0001,20.15000000000015
176,10,81,20.15000000000015
144,36,59,0.191181900611,20.15000000000015
144,56,0,0.0001,20.250000000000153
176,10,55,20.250000000000153
144,67,115,0.180376886785,20.250000000000153
144,84,0,0.0001,20.250000000000153
176,10,75,20.250000000000153
144,79,68,0.192697310044,20.250000000000153
144,39,0,0.0001,20.300000000000153
176,10,79,20.300000000000153
144,38,0,0.0001,20.350000000000154
176,10,80,20.350000000000154
144,41,74,0.207209823516,20.350000000000154
144,39,0,0.0001,20.350000000000154
176,10,71,20.350000000000154
144,44,98,0.171219796414,20.350000000000154
144,36,0,0.0001,20.350000000000154
176,10,79,20.350000000000154
144,38,69,0.194522284717,20.350000000000154
144,79,0,0.0001,20.350000000000154
176,10,75,20.350000000000154
144,82,83,0.247931875656,20.350000000000154
144,79,0,0.0001,20.450000000000156
176,10,71,20.450000000000156
144,68,67,0.188106899383,20.450000000000156
144,67,0,0.0001,20.500000000000156
176,10,50,20.500000000000156
144,75,119,0.225702638263,20.500000000000156
144,39,0,0.0001,20.500000000000156
176,10,77,20.500000000000156
144,41,84,0.194195999738,20.500000000000156
144,44,0,0.0001,20.550000000000157
176,10,66,20.550000000000157
144,38,0,0.0001,20.600000000000158
176,10,76,20.600000000000158
144,41,75,0.202978752785,20.600000000000158
144,41,0,0.0001,20.600000000000158
176,10,77,20.600000000000158
144,82,0,0.0001,20.65000000000016
176,10,75,20.65000000000016
144,68,0,0.0001,20.65000000000016
176,10,64,20.65000000000016
144,58,69,0.183378773593,20.65000000000016
144,41,0,0.0001,20.75000000000016
176,10,75,20.75000000000016
144,44,88,0.20131330373,20.75000000000016
144,50,0,0.0001,20.80000000000016
176,10,61,20.80000000000016
144,56,119,0.210658813053,20.80000000000016
144,75,0,0.0001,20.80000000000016
176,10,47,20.80000000000016
144,79,100,0.265670212269,20.80000000000016
144,41,0,0.0001,20.85000000000016
176,10,74,20.85000000000016
144,44,80,0.219854298067,20.85000000000016
144,58,0,0.0001,20.85000000000016
176,10,56,20.85000000000016
144,44,0,0.0001,20.85000000000016
176,10,74,20.85000000000016
144,67,0,0.0001,20.85000000000016
176,10,63,20.85000000000016
144,56,57,0.194734210096,20.85000000000016
144,44,0,0.0001,21.000000000000163
176,10,72,21.000000000000163
144,48,90,0.219699733821,21.000000000000163
144,56,0,0.0001,21.050000000000164
176,10,55,21.050000000000164
144,48,0,0.0001,21.050000000000164
176,10,49,21.050000000000164
144,36,76,0.192017157678,21.050000000000164
144,56,0,0.0001,21.050000000000164
176,10,55,21.050000000000164
144,63,121,0.242307149442,21.050000000000164
144,79,0,0.0001,21.100000000000165
176,10,50,21.100000000000165
144,79,74,0.279857300739,21.100000000000165
144,44,0,0.0001,21.100000000000165
176,10,71,21.100000000000165
144,48,0,0.0001,21.150000000000166
176,10,70,21.150000000000166
144,44,0,0.0001,21.200000000000166
176,10,46,21.200000000000166
144,36,49,0.146491818049,21.200000000000166
144,48,0,0.0001,21.250000000000167
176,10,67,21.250000000000167
144,48,89,0.241649841816,21.250000000000167
144,36,0,0.0001,21.300000000000168
176,10,42,21.300000000000168
144,43,71,0.20795844896,21.300000000000168
144,63,0,0.0001,21.35000000000017
176,10,49,21.35000000000017
144,67,96,0.278438975223,21.35000000000017
144,36,0,0.0001,21.35000000000017
176,10,40,21.35000000000017
144,39,54,0.139821203354,21.35000000000017
144,46,0,0.0001,21.40000000000017
176,10,66,21.40000000000017
144,79,0,0.0001,21.40000000000017
176,10,53,21.40000000000017
144,70,46,0.288731095734,21.40000000000017
144,50,0,0.0001,21.45000000000017
176,10,65,21.45000000000017
144,50,81,0.266096665766,21.45000000000017
144,48,0,0.0001,21.50000000000017
176,10,62,21.50000000000017
144,39,0,0.0001,21.55000000000017
176,10,45,21.55000000000017
144,48,63,0.154777362712,21.55000000000017
144,43,0,0.0001,21.55000000000017
176,10,52,21.55000000000017
144,56,63,0.209546857315,21.55000000000017
144,67,0,0.0001,21.650000000000173
176,10,45,21.650000000000173
144,63,57,0.285690233533,21.650000000000173
144,46,0,0.0001,21.700000000000173
176,10,60,21.700000000000173
144,43,74,0.254361621561,21.700000000000173
144,70,0,0.0001,21.700000000000173
176,10,55,21.700000000000173
144,50,0,0.0001,21.750000000000174
176,10,59,21.750000000000174
144,48,0,0.0001,21.750000000000174
176,10,56,21.750000000000174
144,56,72,0.186561122822,21.750000000000174
144,48,0,0.0001,21.750000000000174
176,10,57,21.750000000000174
144,44,81,0.239720829637,21.750000000000174
144,56,0,0.0001,21.800000000000175
176,10,67,21.800000000000175
144,67,54,0.209850941484,21.800000000000175
144,63,0,0.0001,21.950000000000177
176,10,46,21.950000000000177
144,55,19,0.270063047203,21.950000000000177
144,55,0,0.0001,21.950000000000177
176,10,60,21.950000000000177
144,41,34,0.234058600114,21.950000000000177
144,43,0,0.0001,21.950000000000177
176,10,54,21.950000000000177
144,43,69,0.243890254786,21.950000000000177
144,56,0,0.0001,22.000000000000178
176,10,67,22.000000000000178
144,44,0,0.0001,22.000000000000178
176,10,51,22.000000000000178
144,43,76,0.227556723064,22.000000000000178
144,48,0,0.0001,22.05000000000018
176,10,52,22.05000000000018
144,46,71,0.252574552816,22.05000000000018
144,67,0,0.0001,22.05000000000018
176,10,79,22.05000000000018
144,41,0,0.0001,22.15000000000018
176,10,63,22.15000000000018
144,36,40,0.17838213131,22.15000000000018
144,43,0,0.0001,22.20000000000018
176,10,50,22.20000000000018
144,55,0,0.0001,22.20000000000018
176,10,49,22.20000000000018
144,43,0,0.0001,22.25000000000018
176,10,46,22.25000000000018
144,44,72,0.20812407466,22.25000000000018
144,74,0,0.0001,22.300000000000182
176,10,89,22.300000000000182
144,79,37,0.214791209348,22.300000000000182
144,65,0,0.0001,22.300000000000182
176,10,78,22.300000000000182
144,72,85,0.265892655186,22.300000000000182
144,46,0,0.0001,22.300000000000182
176,10,48,22.300000000000182
144,46,69,0.22859221145,22.300000000000182
144,36,0,0.0001,22.300000000000182
176,10,66,22.300000000000182
144,43,53,0.139889269456,22.300000000000182
144,48,0,0.0001,22.400000000000183
176,10,56,22.400000000000183
144,43,0,0.0001,22.450000000000184
176,10,48,22.450000000000184
144,44,65,0.201307034014,22.450000000000184
144,43,0,0.0001,22.450000000000184
176,10,66,22.450000000000184
144,50,65,0.126003210951,22.450000000000184
144,44,0,0.0001,22.450000000000184
176,10,44,22.450000000000184
144,46,0,0.0001,22.550000000000185
176,10,46,22.550000000000185
144,79,0,0.0001,22.550000000000185
176,10,95,22.550000000000185
144,75,37,0.209083082839,22.550000000000185
144,50,0,0.0001,22.550000000000185
176,10,66,22.550000000000185
144,50,37,0.145754231478,22.550000000000185
144,50,0,0.0001,22.600000000000186
176,10,67,22.600000000000186
144,56,78,0.115185304154,22.600000000000186
144,72,0,0.0001,22.600000000000186
176,10,85,22.600000000000186
144,72,77,0.284171796839,22.600000000000186
144,46,0,0.0001,22.650000000000187
176,10,43,22.650000000000187
144,50,72,0.161321489967,22.650000000000187
144,44,0,0.0001,22.650000000000187
176,10,48,22.650000000000187
144,50,0,0.0001,22.700000000000188
176,10,72,22.700000000000188
144,53,54,0.114637369592,22.700000000000188
144,56,0,0.0001,22.75000000000019
176,10,67,22.75000000000019
144,65,92,0.104585121322,22.75000000000019
144,50,0,0.0001,22.75000000000019
176,10,46,22.75000000000019
144,55,73,0.17399788717,22.75000000000019
144,75,0,0.0001,22.75000000000019
176,10,89,22.75000000000019
144,53,0,0.0001,22.80000000000019
176,10,78,22.80000000000019
144,50,0,0.0001,22.80000000000019
176,10,43,22.80000000000019
144,55,75,0.137635978442,22.80000000000019
144,48,0,0.0001,22.85000000000019
176,10,48,22.85000000000019
144,72,0,0.0001,22.85000000000019
176,10,80,22.85000000000019
144,65,0,0.0001,22.85000000000019
176,10,67,22.85000000000019
144,72,100,0.0955743055544,22.85000000000019
144,55,0,0.0001,22.90000000000019
176,10,82,22.90000000000019
144,58,77,0.0599676347189,22.90000000000019
144,55,0,0.0001,22.95000000000019
176,10,46,22.95000000000019
144,72,0,0.0001,22.95000000000019
176,10,81,22.95000000000019
144,68,50,0.154562396496,22.95000000000019
144,55,0,0.0001,22.95000000000019
176,10,44,22.95000000000019
144,72,0,0.0001,22.95000000000019
176,10,66,22.95000000000019
144,77,109,0.0904822503473,22.95000000000019
144,58,0,0.0001,23.000000000000192
176,10,84,23.000000000000192
144,53,0,0.0001,23.000000000000192
176,10,49,23.000000000000192
144,58,76,0.129553393732,23.000000000000192
144,72,0,0.0001,23.050000000000193
176,10,72,23.050000000000193
144,70,66,0.173093583837,23.050000000000193
144,77,0,0.0001,23.050000000000193
176,10,66,23.050000000000193
144,82,117,0.0861932126769,23.050000000000193
144,60,0,0.0001,23.100000000000193
176,10,46,23.100000000000193
144,65,85,0.104734474221,23.100000000000193
144,68,0,0.0001,23.100000000000193
176,10,71,23.100000000000193
144,62,0,0.0001,23.100000000000193
176,10,80,23.100000000000193
144,65,93,0.0747930370254,23.100000000000193
144,60,0,0.0001,23.100000000000193
176,10,48,23.100000000000193
144,65,85,0.128985846613,23.100000000000193
144,58,0,0.0001,23.150000000000194
176,10,50,23.150000000000194
144,82,0,0.0001,23.150000000000194
176,10,66,23.150000000000194
144,70,0,0.0001,23.200000000000195
176,10,65,23.200000000000195
144,70,68,0.115077297376,23.200000000000195
144,65,0,0.0001,23.200000000000195
176,10,64,23.200000000000195
144,65,0,0.0001,23.200000000000195
176,10,48,23.200000000000195
144,65,0,0.0001,23.200000000000195
176,10,76,23.200000000000195
144,65,0,0.0001,23.250000000000195
176,10,49,23.250000000000195
144,68,92,0.115645747141,23.250000000000195
144,84,0,0.0001,23.250000000000195
176,10,65,23.250000000000195
144,80,108,0.0934405608427,23.250000000000195
144,62,0,0.0001,23.300000000000196
176,10,52,23.300000000000196
144,65,0,0.0001,23.300000000000196
176,10,60,23.300000000000196
144,63,71,0.0660155443566,23.300000000000196
144,70,0,0.0001,23.300000000000196
176,10,59,23.300000000000196
144,68,72,0.0738417271986,23.300000000000196
144,68,0,0.0001,23.300000000000196
176,10,50,23.300000000000196
144,72,96,0.0844222990877,23.300000000000196
144,70,0,0.0001,23.350000000000197
176,10,73,23.350000000000197
144,75,111,0.12020027172,23.350000000000197
144,68,0,0.0001,23.400000000000198
176,10,55,23.400000000000198
144,67,75,0.0510000994926,23.400000000000198
144,63,0,0.0001,23.400000000000198
176,10,56,23.400000000000198
144,62,76,0.0529869910413,23.400000000000198
144,68,0,0.0001,23.400000000000198
176,10,51,23.400000000000198
144,80,0,0.0001,23.400000000000198
176,10,65,23.400000000000198
144,77,96,0.111440592788,23.400000000000198
144,72,0,0.0001,23.400000000000198
176,10,52,23.400000000000198
144,75,100,0.079366164266,23.400000000000198
144,67,0,0.0001,23.400000000000198
176,10,54,23.400000000000198
144,70,93,0.0930237169432,23.400000000000198
144,67,0,0.0001,23.5000000000002
176,10,54,23.5000000000002
144,63,78,0.0598794264923,23.5000000000002
144,62,0,0.0001,23.5000000000002
176,10,54,23.5000000000002
144,60,82,0.0655342205761,23.5000000000002
144,75,0,0.0001,23.5000000000002
176,10,54,23.5000000000002
144,70,0,0.0001,23.5000000000002
176,10,56,23.5000000000002
144,72,99,0.0900868620004,23.5000000000002
144,74,0,0.0001,23.5500000000002
176,10,53,23.5500000000002
144,75,0,0.0001,23.5500000000002
176,10,67,23.5500000000002
144,82,123,0.153302260704,23.5500000000002
144,77,0,0.0001,23.5500000000002
176,10,64,23.5500000000002
144,70,86,0.13394449679,23.5500000000002
144,77,0,0.0001,23.6000000000002
176,10,56,23.6000000000002
144,60,0,0.0001,23.6000000000002
176,10,52,23.6000000000002
144,63,0,0.0001,23.6000000000002
176,10,53,23.6000000000002
144,62,81,0.0842671875971,23.6000000000002
144,72,0,0.0001,23.6000000000002
176,10,57,23.6000000000002
144,74,104,0.0887829521582,23.6000000000002
144,77,0,0.0001,23.6500000000002
176,10,56,23.6500000000002
144,77,112,0.0997702873821,23.6500000000002
144,80,0,0.0001,23.700000000000202
176,10,59,23.700000000000202
144,82,117,0.0780288078173,23.700000000000202
144,74,0,0.0001,23.700000000000202
176,10,59,23.700000000000202
144,75,108,0.089953012197,23.700000000000202
144,58,0,0.0001,23.700000000000202
176,10,51,23.700000000000202
144,56,90,0.0973837171931,23.700000000000202
144,62,0,0.0001,23.750000000000203
176,10,53,23.750000000000203
144,60,85,0.101522336722,23.750000000000203
144,70,0,0.0001,23.750000000000203
176,10,63,23.750000000000203
144,62,76,0.15838924601,23.750000000000203
144,82,0,0.0001,23.750000000000203
176,10,60,23.750000000000203
144,79,117,0.191244823519,23.750000000000203
144,77,0,0.0001,23.800000000000203
176,10,57,23.800000000000203
144,79,119,0.101652332786,23.800000000000203
144,82,0,0.0001,23.800000000000203
176,10,60,23.800000000000203
144,75,0,0.0001,23.800000000000203
176,10,60,23.800000000000203
144,56,0,0.0001,23.850000000000204
176,10,51,23.850000000000204
144,56,97,0.107998589149,23.850000000000204
144,60,0,0.0001,23.900000000000205
176,10,53,23.900000000000205
144,82,0,0.0001,23.900000000000205
176,10,62,23.900000000000205
144,80,121,0.0879795296164,23.900000000000205
144,75,0,0.0001,23.900000000000205
176,10,62,23.900000000000205
144,75,116,0.0979329165363,23.900000000000205
144,79,0,0.0001,23.950000000000205
176,10,59,23.950000000000205
144,79,123,0.108685753685,23.950000000000205
144,62,0,0.0001,23.950000000000205
176,10,61,23.950000000000205
144,79,0,0.0001,24.000000000000206
176,10,53,24.000000000000206
144,56,0,0.0001,24.000000000000206
176,10,51,24.000000000000206
144,75,0,0.0001,24.050000000000207
176,10,63,24.050000000000207
144,80,0,0.0001,24.050000000000207
176,10,64,24.050000000000207
144,77,116,0.105977893961,24.050000000000207
144,58,0,0.0001,24.050000000000207
176,10,54,24.050000000000207
144,58,102,0.146509147524,24.050000000000207
144,79,0,0.0001,24.100000000000207
176,10,60,24.100000000000207
144,75,121,0.12115219986,24.100000000000207
144,55,0,0.0001,24.20000000000021
176,10,52,24.20000000000021
144,51,0,0.0001,24.20000000000021
176,10,58,24.20000000000021
144,39,66,0.215808045681,24.20000000000021
144,75,0,0.0001,24.20000000000021
176,10,63,24.20000000000021
144,72,117,0.117504868242,24.20000000000021
144,77,0,0.0001,24.20000000000021
176,10,65,24.20000000000021
144,75,111,0.128822635751,24.20000000000021
144,58,0,0.0001,24.25000000000021
176,10,54,24.25000000000021
144,56,110,0.174557294624,24.25000000000021
144,75,0,0.0001,24.25000000000021
176,10,60,24.25000000000021
144,74,118,0.136419502189,24.25000000000021
144,72,0,0.0001,24.25000000000021
176,10,45,24.25000000000021
144,62,89,0.247900253957,24.25000000000021
144,72,0,0.0001,24.35000000000021
176,10,63,24.35000000000021
144,70,113,0.125568466353,24.35000000000021
144,75,0,0.0001,24.35000000000021
176,10,65,24.35000000000021
144,72,106,0.143440669528,24.35000000000021
144,53,0,0.0001,24.40000000000021
176,10,53,24.40000000000021
144,53,120,0.192833569674,24.40000000000021
144,74,0,0.0001,24.40000000000021
176,10,59,24.40000000000021
144,39,0,0.0001,24.450000000000212
176,10,55,24.450000000000212
144,56,0,0.0001,24.500000000000213
176,10,55,24.500000000000213
144,56,114,0.204754356905,24.500000000000213
144,70,0,0.0001,24.500000000000213
176,10,61,24.500000000000213
144,72,0,0.0001,24.550000000000214
176,10,64,24.550000000000214
144,68,96,0.156899194847,24.550000000000214
144,62,0,0.0001,24.550000000000214
176,10,38,24.550000000000214
144,50,73,0.264560486213,24.550000000000214
144,72,0,0.0001,24.600000000000215
176,10,57,24.600000000000215
144,67,100,0.162674464408,24.600000000000215
144,53,0,0.0001,24.650000000000215
176,10,54,24.650000000000215
144,53,120,0.219805167833,24.650000000000215
144,67,0,0.0001,24.700000000000216
176,10,60,24.700000000000216
144,65,94,0.150085162194,24.700000000000216
144,41,0,0.0001,24.700000000000216
176,10,57,24.700000000000216
144,53,66,0.230723086758,24.700000000000216
144,68,0,0.0001,24.750000000000217
176,10,62,24.750000000000217
144,65,84,0.174824546335,24.750000000000217
144,56,0,0.0001,24.750000000000217
176,10,56,24.750000000000217
144,67,0,0.0001,24.800000000000217
176,10,55,24.800000000000217
144,65,89,0.181247253537,24.800000000000217
144,50,0,0.0001,24.850000000000218
176,10,34,24.850000000000218
144,39,55,0.27039789051,24.850000000000218
144,65,0,0.0001,24.90000000000022
176,10,57,24.90000000000022
144,63,82,0.167373781594,24.90000000000022
144,53,0,0.0001,24.90000000000022
176,10,59,24.90000000000022
144,53,0,0.0001,24.90000000000022
176,10,54,24.90000000000022
144,55,104,0.246194010137,24.90000000000022
144,65,0,0.0001,24.95000000000022
176,10,59,24.95000000000022
144,65,72,0.189566211677,24.95000000000022
144,65,0,0.0001,25.00000000000022
176,10,54,25.00000000000022
144,63,77,0.195277354515,25.00000000000022
144,56,0,0.0001,25.05000000000022
176,10,56,25.05000000000022
144,63,0,0.0001,25.10000000000022
176,10,60,25.10000000000022
144,70,63,0.168802640548,25.10000000000022
144,63,0,0.0001,25.10000000000022
176,10,56,25.10000000000022
144,39,0,0.0001,25.150000000000222
176,10,37,25.150000000000222
144,50,47,0.259352810511,25.150000000000222
144,55,0,0.0001,25.150000000000222
176,10,55,25.150000000000222
144,65,0,0.0001,25.150000000000222
176,10,58,25.150000000000222
144,65,61,0.199243602038,25.150000000000222
144,63,0,0.0001,25.250000000000224
176,10,52,25.250000000000224
144,65,57,0.206613610709,25.250000000000224
144,70,0,0.0001,25.300000000000225
176,10,60,25.300000000000225
144,74,57,0.154939070901,25.300000000000225
144,63,0,0.0001,25.300000000000225
176,10,55,25.300000000000225
144,60,0,0.0001,25.350000000000225
176,10,56,25.350000000000225
144,50,0,0.0001,25.350000000000225
176,10,55,25.350000000000225
144,58,42,0.198263615921,25.350000000000225
144,65,0,0.0001,25.400000000000226
176,10,57,25.400000000000226
144,70,44,0.204602905498,25.400000000000226
144,58,0,0.0001,25.400000000000226
176,10,55,25.400000000000226
144,65,67,0.236203191672,25.400000000000226
