176,0,0,489.0500000000769
192,0,489.0500000000769
176,10,50,489.20000000007695
176,10,36,489.450000000077
176,10,39,489.450000000077
176,10,56,489.450000000077
176,10,62,489.500000000077
176,10,86,489.55000000007703
176,10,49,489.8500000000771
144,86,94,5.0,489.8500000000771
176,10,35,489.9500000000771
144,67,47,5.0,489.9500000000771
176,10,59,490.2000000000772
176,10,63,490.3000000000772
144,21,86,3.75,490.3000000000772
176,10,69,490.50000000007725
144,49,73,5.0,490.50000000007725
176,10,44,490.55000000007726
144,33,76,1.25,490.55000000007726
176,10,68,490.6000000000773
144,62,115,3.75,490.6000000000773
176,10,39,490.95000000007735
144,95,39,7.5,490.95000000007735
176,10,42,490.95000000007735
176,10,50,491.0500000000774
176,10,79,491.1000000000774
176,10,89,491.45000000007747
176,10,63,491.7000000000775
176,10,58,491.80000000007755
176,10,35,491.9500000000776
176,10,56,492.0000000000776
176,10,54,492.1000000000776
176,10,65,492.4500000000777
144,64,70,7.5,492.4500000000777
176,10,46,492.4500000000777
144,97,65,2.5,492.4500000000777
176,10,53,492.6000000000777
144,98,62,2.5,492.6000000000777
176,10,56,492.70000000007775
144,74,94,5.0,492.70000000007775
176,10,73,492.75000000007776
176,10,76,492.8000000000778
176,10,68,492.9500000000778
144,40,72,10.0,492.9500000000778
176,10,68,493.10000000007784
176,10,73,493.20000000007786
144,42,77,3.75,493.20000000007786
176,10,77,493.20000000007786
144,30,65,3.75,493.20000000007786
176,10,72,493.20000000007786
144,59,117,2.5,493.20000000007786
176,10,66,493.20000000007786
144,30,67,1.25,493.20000000007786
176,10,61,493.3500000000779
176,10,62,493.3500000000779
144,31,66,0.625,493.3500000000779
176,10,83,493.3500000000779
144,57,100,0.625,493.3500000000779
176,10,61,493.50000000007793
144,38,62,0.625,493.50000000007793
176,10,61,493.50000000007793
176,10,76,493.50000000007793
176,10,78,493.50000000007793
144,50,85,3.75,493.50000000007793
176,10,61,493.65000000007797
176,10,62,493.65000000007797
144,43,63,0.625,493.65000000007797
176,10,70,493.750000000078
144,50,52,1.25,493.750000000078
176,10,63,493.800000000078
144,47,60,0.625,493.800000000078
176,10,86,493.800000000078
176,10,62,493.900000000078
144,50,55,1.25,493.900000000078
176,10,77,493.95000000007803
176,10,52,494.00000000007805
144,91,59,2.5,494.00000000007805
176,10,64,494.05000000007806
176,10,86,494.10000000007807
144,37,48,5.0,494.10000000007807
176,10,64,494.1500000000781
144,57,51,1.25,494.1500000000781
176,10,61,494.2500000000781
176,10,63,494.3000000000781
176,10,66,494.3000000000781
144,61,52,1.25,494.3000000000781
176,10,50,494.3500000000781
144,33,26,1.25,494.3500000000781
176,10,65,494.40000000007814
144,62,48,1.25,494.40000000007814
176,10,35,494.45000000007815
176,10,38,494.50000000007816
176,10,67,494.55000000007817
144,66,51,1.25,494.55000000007817
176,10,41,494.6500000000782
176,10,67,494.6500000000782
144,67,49,1.25,494.6500000000782
176,10,31,494.7500000000782
144,78,29,3.75,494.7500000000782
176,10,68,494.8000000000782
176,10,46,494.90000000007825
176,10,67,494.90000000007825
144,71,52,1.25,494.90000000007825
176,10,44,494.95000000007826
144,83,62,2.5,494.95000000007826
176,10,55,495.0000000000783
176,10,59,495.0500000000783
144,78,107,3.75,495.0500000000783
176,10,67,495.0500000000783
144,73,57,1.25,495.0500000000783
176,10,65,495.1500000000783
176,10,64,495.30000000007834
176,10,55,495.40000000007836
144,105,83,2.5,495.40000000007836
176,10,61,495.40000000007836
144,79,60,1.25,495.40000000007836
176,10,60,495.5500000000784
176,10,56,495.6500000000784
144,85,63,1.25,495.6500000000784
176,10,70,495.70000000007843
176,10,61,496.0000000000785
144,52,63,5.0,496.0000000000785
176,10,78,496.0500000000785
176,10,54,496.0500000000785
176,10,50,496.15000000007853
144,95,62,2.5,496.15000000007853
176,10,71,496.25000000007856
176,10,72,496.4000000000786
144,42,85,5.0,496.4000000000786
176,10,70,496.5000000000786
144,79,62,2.5,496.5000000000786
176,10,76,496.5000000000786
176,10,43,496.5500000000786
176,10,41,496.9000000000787
176,10,66,497.0000000000787
144,85,48,2.5,497.0000000000787
176,10,80,497.05000000007874
144,49,39,5.0,497.05000000007874
176,10,95,497.2000000000788
144,81,48,7.5,497.2000000000788
176,10,37,497.3000000000788
176,10,46,497.7500000000789
176,10,34,497.90000000007893
144,61,35,5.0,497.90000000007893
176,10,47,497.95000000007894
144,33,48,3.75,497.95000000007894
176,10,49,498.00000000007896
176,10,32,498.05000000007897
176,10,41,498.05000000007897
176,10,73,498.40000000007905
144,62,41,10.0,498.40000000007905
176,10,56,498.45000000007906
144,38,66,2.5,498.45000000007906
176,10,45,498.50000000007907
176,10,57,498.50000000007907
176,10,61,498.5500000000791
176,10,38,498.6500000000791
144,52,36,3.75,498.6500000000791
176,10,70,498.7500000000791
176,10,40,498.80000000007914
176,10,40,498.90000000007916
144,43,37,2.5,498.90000000007916
176,10,81,499.0000000000792
176,10,42,499.25000000007924
176,10,62,499.30000000007925
144,91,58,3.75,499.30000000007925
176,10,39,499.4000000000793
176,10,45,499.4500000000793
144,90,56,5.0,499.4500000000793
176,10,92,499.5000000000793
176,10,45,499.5500000000793
176,10,44,499.65000000007933
176,10,53,500.25000000007947
176,10,78,500.25000000007947
144,102,101,3.75,500.25000000007947
176,10,48,500.4500000000795
144,73,104,5.0,500.4500000000795
176,10,54,500.55000000007954
176,10,53,500.65000000007956
176,10,48,500.8000000000796
144,69,86,7.5,500.8000000000796
176,10,49,500.9000000000796
144,33,65,7.5,500.9000000000796
176,10,91,501.45000000007974
144,31,58,5.0,501.45000000007974
176,10,52,501.55000000007976
176,10,80,501.55000000007976
176,10,48,501.6500000000798
144,43,71,5.0,501.6500000000798
176,10,60,501.7500000000798
176,10,52,501.7500000000798
144,37,54,7.5,501.7500000000798
176,10,49,501.8000000000798
176,10,45,501.90000000007984
144,49,80,5.0,501.90000000007984
176,10,41,501.95000000007985
144,47,33,0.625,501.95000000007985
176,10,37,502.2000000000799
144,42,37,1.25,502.2000000000799
176,10,35,502.45000000007997
176,10,31,502.45000000007997
176,10,83,502.50000000008
176,10,39,502.55000000008
144,57,89,5.0,502.55000000008
176,10,38,502.65000000008
144,64,89,5.0,502.65000000008
176,10,38,502.9500000000801
144,45,125,2.5,502.9500000000801
176,10,39,503.25000000008015
176,10,48,503.25000000008015
176,10,38,503.4000000000802
176,10,54,503.70000000008025
176,10,50,503.9500000000803
176,10,49,504.05000000008033
176,10,55,504.2500000000804
176,10,82,504.4500000000804
144,88,59,3.75,504.4500000000804
176,10,53,504.65000000008047
176,10,83,504.8000000000805
176,10,71,504.9000000000805
144,67,116,7.5,504.9000000000805
176,10,87,504.9000000000805
144,64,120,1.25,504.9000000000805
176,10,93,504.95000000008054
144,57,123,5.0,504.95000000008054
176,10,73,505.00000000008055
176,10,85,505.05000000008056
176,10,87,505.1500000000806
176,10,82,505.2000000000806
144,61,121,1.25,505.2000000000806
176,10,75,505.2500000000806
176,10,51,505.2500000000806
176,10,84,505.3000000000806
176,10,52,505.40000000008064
144,50,59,0.625,505.40000000008064
176,10,87,505.40000000008064
176,10,84,505.40000000008064
176,10,66,505.45000000008065
144,47,101,5.0,505.45000000008065
176,10,78,505.45000000008065
176,10,54,505.5500000000807
176,10,81,505.5500000000807
176,10,81,505.6500000000807
176,10,57,505.7000000000807
144,69,56,0.625,505.7000000000807
176,10,72,505.7000000000807
144,73,112,1.25,505.7000000000807
176,10,84,505.7500000000807
176,10,60,505.85000000008074
144,78,55,0.625,505.85000000008074
176,10,83,505.90000000008075
144,91,112,2.5,505.90000000008075
176,10,57,505.95000000008076
144,23,94,2.5,505.95000000008076
176,10,64,506.0000000000808
144,83,56,0.625,506.0000000000808
176,10,75,506.0500000000808
176,10,68,506.1500000000808
144,88,59,0.625,506.1500000000808
176,10,74,506.1500000000808
144,91,109,2.5,506.1500000000808
176,10,62,506.2000000000808
176,10,73,506.2000000000808
144,38,83,1.25,506.2000000000808
176,10,69,506.25000000008083
176,10,71,506.30000000008084
176,10,66,506.4500000000809
176,10,32,506.4500000000809
144,78,83,1.25,506.4500000000809
176,10,57,506.5500000000809
176,10,73,506.5500000000809
144,83,76,1.25,506.5500000000809
176,10,65,506.6500000000809
176,10,56,506.6500000000809
176,10,75,506.80000000008096
176,10,53,506.950000000081
176,10,38,506.950000000081
176,10,49,507.000000000081
176,10,37,507.30000000008107
144,90,89,3.75,507.30000000008107
176,10,75,507.30000000008107
144,33,118,2.5,507.30000000008107
176,10,36,507.4000000000811
144,91,91,3.75,507.4000000000811
176,10,50,507.4500000000811
144,42,70,2.5,507.4500000000811
176,10,34,507.65000000008115
144,93,87,5.0,507.65000000008115
176,10,33,507.70000000008116
144,88,98,3.75,507.70000000008116
176,10,68,507.8000000000812
144,43,85,2.5,507.8000000000812
176,10,54,507.9500000000812
144,66,111,2.5,507.9500000000812
176,10,31,508.00000000008123
144,86,90,5.0,508.00000000008123
176,10,39,508.05000000008124
176,10,40,508.15000000008126
144,88,87,3.75,508.15000000008126
176,10,58,508.3000000000813
176,10,70,508.45000000008133
176,10,67,508.45000000008133
176,10,47,508.6500000000814
176,10,50,508.8000000000814
176,10,81,508.95000000008145
144,21,108,2.5,508.95000000008145
176,10,56,509.00000000008146
176,10,59,509.05000000008147
144,76,63,5.0,509.05000000008147
176,10,63,509.1500000000815
176,10,81,509.2000000000815
176,10,88,509.2000000000815
176,10,52,509.3000000000815
144,86,76,2.5,509.3000000000815
176,10,77,509.7000000000816
144,66,46,2.5,509.7000000000816
176,10,87,509.9500000000817
144,43,62,3.75,509.9500000000817
176,10,87,510.0500000000817
176,10,85,510.1500000000817
176,10,84,510.1500000000817
176,10,68,510.30000000008175
144,38,91,5.0,510.30000000008175
176,10,56,510.4500000000818
144,79,52,3.75,510.4500000000818
176,10,50,510.4500000000818
176,10,83,510.5000000000818
176,10,81,511.0500000000819
144,91,79,3.75,511.0500000000819
176,10,31,511.20000000008196
144,86,82,3.75,511.20000000008196
176,10,62,511.450000000082
144,69,83,5.0,511.450000000082
176,10,83,511.55000000008204
144,78,51,7.5,511.55000000008204
176,10,87,511.65000000008206
176,10,83,511.65000000008206
144,81,55,7.5,511.65000000008206
176,10,46,511.8000000000821
176,10,83,512.0000000000821
144,69,61,7.5,512.0000000000821
176,10,63,512.2000000000819
176,10,77,512.2500000000819
144,71,71,3.75,512.2500000000819
176,10,49,512.8500000000813
176,10,66,513.0000000000812
176,10,53,513.0500000000811
176,10,84,513.1000000000811
176,10,90,513.200000000081
176,10,86,513.200000000081
176,10,39,513.3000000000809
176,10,83,513.5500000000807
176,10,73,513.6500000000806
144,61,30,2.5,513.6500000000806
176,10,79,513.6500000000806
176,10,40,513.8000000000804
176,10,58,513.8500000000804
144,54,70,2.5,513.8500000000804
176,10,56,513.8500000000804
144,33,89,3.75,513.8500000000804
176,10,37,513.9500000000803
176,10,78,514.0000000000803
176,10,74,514.0000000000803
144,66,29,3.75,514.0000000000803
176,10,69,514.1000000000802
144,59,35,2.5,514.1000000000802
176,10,42,514.1000000000802
144,85,114,0.625,514.1000000000802
176,10,90,514.1500000000801
144,49,105,1.25,514.1500000000801
176,10,66,514.2000000000801
144,52,35,2.5,514.2000000000801
176,10,50,514.4000000000799
144,67,101,1.25,514.4000000000799
176,10,55,514.6500000000797
176,10,49,514.7500000000796
144,50,49,2.5,514.7500000000796
176,10,57,514.8000000000795
176,10,64,514.8000000000795
176,10,95,514.9000000000794
144,66,121,5.0,514.9000000000794
176,10,77,514.9500000000794
176,10,33,515.2000000000792
144,50,39,2.5,515.2000000000792
176,10,68,515.2000000000792
144,42,60,3.75,515.2000000000792
176,10,35,515.3000000000791
176,10,35,515.6000000000788
144,57,30,3.75,515.6000000000788
176,10,36,515.6000000000788
144,57,39,3.75,515.6000000000788
176,10,49,515.7000000000787
176,10,36,515.7500000000787
176,10,44,515.8500000000786
144,52,32,2.5,515.8500000000786
176,10,45,516.1500000000783
176,10,46,516.1500000000783
176,10,36,516.2500000000782
144,73,37,2.5,516.2500000000782
176,10,43,516.3000000000782
144,62,30,2.5,516.3000000000782
176,10,52,516.4000000000781
176,10,54,516.500000000078
176,10,55,516.7000000000778
144,88,38,2.5,516.7000000000778
176,10,53,516.7000000000778
144,86,43,2.5,516.7000000000778
176,10,80,516.7500000000778
176,10,45,516.8000000000777
176,10,54,516.8500000000777
144,90,36,2.5,516.8500000000777
176,10,67,516.9500000000776
176,10,89,517.2500000000773
176,10,67,517.3000000000773
176,10,60,517.3500000000772
176,10,65,517.5000000000771
176,10,62,517.5000000000771
144,105,49,3.75,517.5000000000771
176,10,83,517.550000000077
144,73,82,1.25,517.550000000077
176,10,63,517.550000000077
176,10,64,517.650000000077
144,103,38,3.75,517.650000000077
176,10,59,517.8500000000768
176,10,69,518.1000000000765
144,55,81,2.5,518.1000000000765
176,10,65,518.3000000000764
176,10,63,518.3000000000764
144,79,51,3.75,518.3000000000764
176,10,44,518.4000000000763
144,28,37,2.5,518.4000000000763
176,10,63,518.4500000000762
176,10,75,518.6000000000761
176,10,35,518.9000000000758
176,10,39,518.9000000000758
144,50,41,3.75,518.9000000000758
176,10,83,518.9000000000758
176,10,48,518.9500000000758
176,10,37,519.2000000000755
176,10,57,519.3500000000754
144,67,58,5.0,519.3500000000754
176,10,58,519.5000000000753
144,66,48,5.0,519.5000000000753
176,10,63,519.7000000000751
176,10,54,519.750000000075
144,90,87,2.5,519.750000000075
176,10,65,519.750000000075
176,10,58,519.8500000000749
144,55,48,7.5,519.8500000000749
176,10,63,519.9500000000749
176,10,72,520.1500000000747
144,57,50,3.75,520.1500000000747
176,10,77,520.3000000000745
144,54,43,3.75,520.3000000000745
176,10,75,520.4000000000744
176,10,73,520.4500000000744
144,50,49,1.25,520.4500000000744
176,10,76,520.4500000000744
144,50,44,0.625,520.4500000000744
176,10,91,520.5000000000744
144,47,110,2.5,520.5000000000744
176,10,55,520.5000000000744
144,103,98,3.75,520.5000000000744
176,10,71,520.5500000000743
176,10,75,520.6000000000743
176,10,70,520.6000000000743
144,47,49,0.625,520.6000000000743
176,10,69,520.7000000000742
144,37,45,0.625,520.7000000000742
176,10,73,520.7500000000741
176,10,69,520.7500000000741
144,45,52,0.625,520.7500000000741
176,10,77,520.8000000000741
144,40,123,1.25,520.8000000000741
176,10,91,520.8000000000741
176,10,68,520.850000000074
176,10,72,520.900000000074
144,47,52,0.625,520.900000000074
176,10,67,520.900000000074
144,45,55,0.625,520.900000000074
176,10,66,521.0000000000739
144,37,56,0.625,521.0000000000739
176,10,72,521.0500000000739
144,45,56,0.625,521.0500000000739
176,10,65,521.0500000000739
144,45,57,0.625,521.0500000000739
176,10,70,521.1000000000738
144,50,98,1.25,521.1000000000738
176,10,66,521.1500000000738
144,37,59,0.625,521.1500000000738
176,10,65,521.2000000000737
176,10,71,521.3500000000736
176,10,66,521.3500000000736
144,45,63,0.625,521.3500000000736
176,10,66,521.4500000000735
176,10,67,521.6500000000733
144,50,67,1.25,521.6500000000733
176,10,87,521.8000000000732
176,10,73,521.9000000000731
144,50,73,2.5,521.9000000000731
176,10,60,521.9000000000731
144,74,26,3.75,521.9000000000731
176,10,69,522.000000000073
176,10,70,522.0500000000729
176,10,71,522.2000000000728
176,10,77,522.4500000000726
176,10,74,522.5500000000725
144,57,80,2.5,522.5500000000725
176,10,69,522.6000000000724
176,10,71,522.6000000000724
144,69,91,3.75,522.6000000000724
176,10,75,522.7500000000723
176,10,79,522.8500000000722
176,10,79,523.2500000000719
176,10,75,523.3500000000718
176,10,57,523.4000000000717
144,102,76,2.5,523.4000000000717
176,10,70,523.4000000000717
176,10,75,523.5500000000716
176,10,86,523.6500000000715
144,55,123,5.0,523.6500000000715
176,10,51,523.9500000000712
176,10,70,524.0500000000711
144,43,118,3.75,524.0500000000711
176,10,62,524.1000000000711
144,50,115,2.5,524.1000000000711
176,10,66,524.150000000071
176,10,62,524.200000000071
144,43,122,2.5,524.200000000071
176,10,54,524.3000000000709
176,10,60,524.3500000000708
176,10,61,524.4500000000708
176,10,53,524.4500000000708
144,28,107,0.625,524.4500000000708
176,10,61,524.5000000000707
176,10,58,524.5000000000707
144,33,112,0.625,524.5000000000707
176,10,52,524.6000000000706
144,28,105,0.625,524.6000000000706
176,10,58,524.6500000000706
144,37,109,2.5,524.6500000000706
176,10,57,524.6500000000706
144,30,110,0.625,524.6500000000706
176,10,50,524.7500000000705
176,10,61,524.8000000000704
144,33,112,1.25,524.8000000000704
176,10,55,524.8000000000704
176,10,48,524.9000000000703
144,26,98,0.625,524.9000000000703
176,10,55,524.9500000000703
144,35,105,1.25,524.9500000000703
176,10,64,524.9500000000703
144,37,107,7.5,524.9500000000703
176,10,53,524.9500000000703
144,28,105,0.625,524.9500000000703
176,10,46,525.0500000000702
176,10,58,525.1000000000702
144,33,104,1.25,525.1000000000702
176,10,51,525.1000000000702
176,10,43,525.2000000000701
144,31,92,0.625,525.2000000000701
176,10,52,525.25000000007
144,38,98,1.25,525.25000000007
176,10,56,525.25000000007
176,10,32,525.25000000007
176,10,48,525.25000000007
144,31,99,0.625,525.25000000007
176,10,53,525.4000000000699
176,10,45,525.4000000000699
144,35,95,0.625,525.4000000000699
176,10,40,525.5000000000698
176,10,43,525.5000000000698
176,10,57,525.5500000000698
144,47,84,1.25,525.5500000000698
176,10,46,525.5500000000698
144,43,89,1.25,525.5500000000698
176,10,68,525.6500000000697
144,35,122,0.625,525.6500000000697
176,10,42,525.7000000000696
144,40,89,1.25,525.7000000000696
176,10,47,525.7000000000696
176,10,36,525.8000000000695
176,10,49,525.8000000000695
144,45,48,2.5,525.8000000000695
176,10,66,525.8000000000695
176,10,52,525.8500000000695
176,10,42,525.8500000000695
144,55,80,1.25,525.8500000000695
176,10,46,526.0000000000693
144,49,85,1.25,526.0000000000693
176,10,41,526.0000000000693
144,49,84,1.25,526.0000000000693
176,10,62,526.1000000000693
144,57,81,1.25,526.1000000000693
176,10,38,526.350000000069
144,76,70,2.5,526.350000000069
176,10,56,526.400000000069
144,88,53,2.5,526.400000000069
176,10,49,526.400000000069
176,10,48,526.5500000000688
176,10,52,526.5500000000688
176,10,67,526.6000000000688
176,10,70,526.8500000000686
144,47,95,1.25,526.8500000000686
176,10,55,526.9000000000685
176,10,63,527.1000000000683
144,38,99,2.5,527.1000000000683
176,10,82,527.1500000000683
176,10,77,527.1500000000683
176,10,88,527.3000000000682
144,31,104,0.625,527.3000000000682
176,10,82,527.4000000000681
144,30,106,1.25,527.4000000000681
176,10,80,527.450000000068
176,10,82,527.450000000068
144,66,62,5.0,527.450000000068
176,10,89,527.450000000068
144,28,107,0.625,527.450000000068
176,10,90,527.6000000000679
176,10,84,527.7000000000678
144,26,113,1.25,527.7000000000678
176,10,89,527.7500000000678
144,26,114,0.625,527.7500000000678
176,10,75,527.9500000000676
144,47,81,3.75,527.9500000000676
176,10,83,528.0000000000675
176,10,89,528.0500000000675
176,10,68,528.1500000000674
144,33,55,7.5,528.1500000000674
176,10,83,528.3000000000673
176,10,88,528.3500000000672
176,10,56,528.4500000000671
176,10,57,528.5000000000671
176,10,84,528.8500000000668
144,71,115,2.5,528.8500000000668
176,10,89,528.9000000000667
144,67,116,2.5,528.9000000000667
176,10,84,529.0000000000666
176,10,34,529.0000000000666
144,71,59,5.0,529.0000000000666
176,10,69,529.0000000000666
144,74,61,7.5,529.0000000000666
176,10,50,529.5500000000661
176,10,89,529.650000000066
144,93,113,3.75,529.650000000066
176,10,92,529.700000000066
176,10,73,529.700000000066
176,10,62,529.8000000000659
144,100,69,3.75,529.8000000000659
176,10,57,530.0000000000657
176,10,55,530.0500000000657
176,10,93,530.0500000000657
176,10,64,530.3000000000654
144,37,101,1.25,530.3000000000654
176,10,62,530.3500000000654
144,90,89,2.5,530.3500000000654
176,10,66,530.3500000000654
144,97,84,3.75,530.3500000000654
176,10,68,530.6000000000652
144,23,104,1.25,530.6000000000652
176,10,59,530.6000000000652
144,88,86,2.5,530.6000000000652
176,10,69,530.9000000000649
176,10,66,530.9000000000649
144,86,90,2.5,530.9000000000649
176,10,64,530.9000000000649
144,81,96,2.5,530.9000000000649
176,10,64,531.1500000000647
144,76,85,2.5,531.1500000000647
176,10,84,531.2000000000646
144,90,111,7.5,531.2000000000646
176,10,88,531.2500000000646
144,85,104,7.5,531.2500000000646
176,10,74,531.4500000000644
144,76,92,2.5,531.4500000000644
176,10,71,531.4500000000644
176,10,71,531.7000000000642
144,64,91,2.5,531.7000000000642
176,10,69,531.7000000000642
176,10,80,531.7500000000641
144,69,95,1.25,531.7500000000641
176,10,77,531.7500000000641
176,10,80,532.0000000000639
144,59,98,1.25,532.0000000000639
176,10,82,532.0500000000638
144,64,99,1.25,532.0500000000638
176,10,79,532.0500000000638
176,10,74,532.1000000000638
176,10,81,532.3000000000636
144,54,100,1.25,532.3000000000636
176,10,82,532.3500000000636
176,10,79,532.3500000000636
176,10,80,532.6000000000633
176,10,81,532.6500000000633
176,10,77,532.6500000000633
144,50,108,1.25,532.6500000000633
176,10,59,532.7500000000632
176,10,58,532.8000000000632
176,10,78,532.9000000000631
144,40,103,1.25,532.9000000000631
176,10,61,532.9000000000631
144,76,85,3.75,532.9000000000631
176,10,78,532.950000000063
176,10,75,532.950000000063
176,10,75,533.2000000000628
176,10,76,533.2500000000628
144,40,101,1.25,533.2500000000628
176,10,73,533.2500000000628
176,10,66,533.2500000000628
176,10,73,533.5000000000625
144,23,104,1.25,533.5000000000625
176,10,73,533.5500000000625
176,10,70,533.5500000000625
144,28,107,1.25,533.5500000000625
176,10,54,533.5500000000625
176,10,51,533.6000000000624
176,10,71,533.6500000000624
176,10,71,533.8500000000622
144,31,100,1.25,533.8500000000622
176,10,68,533.8500000000622
144,28,108,1.25,533.8500000000622
176,10,70,533.9500000000621
144,25,98,1.25,533.9500000000621
176,10,58,533.9500000000621
144,78,69,5.0,533.9500000000621
176,10,67,534.0000000000621
176,10,37,534.100000000062
144,62,77,2.5,534.100000000062
176,10,70,534.1500000000619
176,10,34,534.1500000000619
176,10,67,534.1500000000619
176,10,69,534.2500000000618
144,25,98,1.25,534.2500000000618
176,10,56,534.3000000000618
176,10,67,534.3000000000618
144,30,107,0.625,534.3000000000618
176,10,70,534.4500000000617
144,35,101,1.25,534.4500000000617
176,10,67,534.4500000000617
144,30,107,0.625,534.4500000000617
176,10,48,534.5000000000616
176,10,68,534.5500000000616
144,28,98,1.25,534.5500000000616
176,10,66,534.6000000000615
176,10,33,534.6500000000615
176,10,36,534.7000000000614
144,57,90,2.5,534.7000000000614
176,10,70,534.7500000000614
144,38,100,1.25,534.7500000000614
176,10,66,534.7500000000614
144,33,106,0.625,534.7500000000614
176,10,41,534.8000000000613
176,10,44,534.8000000000613
144,62,99,0.625,534.8000000000613
176,10,67,534.8500000000613
176,10,47,534.8500000000613
144,55,95,0.625,534.8500000000613
176,10,47,534.9500000000612
176,10,37,534.9500000000612
144,55,120,0.625,534.9500000000612
176,10,49,535.0000000000612
144,52,98,0.625,535.0000000000612
176,10,69,535.0500000000611
176,10,66,535.0500000000611
176,10,47,535.1000000000611
176,10,35,535.1000000000611
176,10,67,535.150000000061
176,10,50,535.150000000061
144,49,102,0.625,535.150000000061
176,10,48,535.2500000000609
176,10,35,535.2500000000609
144,43,121,0.625,535.2500000000609
176,10,50,535.3000000000609
176,10,70,535.3500000000608
144,50,96,1.25,535.3500000000608
176,10,67,535.3500000000608
176,10,59,535.3500000000608
176,10,48,535.4000000000608
144,49,110,0.625,535.4000000000608
176,10,37,535.4000000000608
144,35,117,0.625,535.4000000000608
176,10,68,535.4500000000608
176,10,50,535.4500000000608
176,10,48,535.5500000000607
144,45,111,0.625,535.5500000000607
176,10,40,535.5500000000607
176,10,65,535.6500000000606
144,33,77,1.25,535.6500000000606
176,10,43,535.7000000000605
176,10,49,535.7500000000605
176,10,47,535.8500000000604
144,38,112,1.25,535.8500000000604
176,10,72,535.9000000000603
176,10,69,535.9000000000603
176,10,46,536.0000000000603
144,37,82,1.25,536.0000000000603
176,10,69,536.0000000000603
176,10,47,536.0500000000602
144,30,109,1.25,536.0500000000602
176,10,45,536.1500000000601
144,37,115,1.25,536.1500000000601
176,10,67,536.2000000000601
144,91,79,2.5,536.2000000000601
176,10,46,536.3500000000599
176,10,44,536.4500000000598
144,42,117,1.25,536.4500000000598
176,10,46,536.6500000000597
176,10,80,536.7000000000596
176,10,78,536.7000000000596
144,79,122,3.75,536.7000000000596
176,10,44,536.7500000000596
176,10,62,536.8000000000595
176,10,44,536.9000000000594
176,10,46,536.9500000000594
176,10,79,537.0500000000593
176,10,44,537.0500000000593
176,10,44,537.2000000000592
144,81,107,0.625,537.2000000000592
176,10,46,537.2500000000591
176,10,45,537.350000000059
144,91,102,0.625,537.350000000059
176,10,47,537.400000000059
144,86,99,0.625,537.400000000059
176,10,91,537.5000000000589
144,100,108,3.75,537.5000000000589
176,10,89,537.5000000000589
144,97,114,3.75,537.5000000000589
176,10,45,537.5000000000589
176,10,44,537.6500000000588
144,105,94,0.625,537.6500000000588
176,10,47,537.7000000000587
176,10,74,537.7500000000587
144,50,72,7.5,537.7500000000587
176,10,44,537.9500000000585
144,103,85,1.25,537.9500000000585
176,10,46,538.0000000000584
176,10,49,538.0500000000584
176,10,47,538.2500000000582
144,103,82,1.25,538.2500000000582
176,10,45,538.3000000000582
144,97,79,1.25,538.3000000000582
176,10,85,538.3500000000581
144,61,67,7.5,538.3500000000581
176,10,78,538.5500000000579
144,100,111,5.0,538.5500000000579
176,10,85,538.6000000000579
176,10,48,538.8000000000577
176,10,43,538.8500000000577
176,10,42,538.8500000000577
144,85,76,3.75,538.8500000000577
176,10,56,538.9000000000576
144,85,56,2.5,538.9000000000576
176,10,79,539.0500000000575
144,97,109,7.5,539.0500000000575
176,10,42,539.8500000000568
144,102,90,5.0,539.8500000000568
176,10,61,539.9000000000567
144,62,49,5.0,539.9000000000567
176,10,39,539.9000000000567
144,97,87,5.0,539.9000000000567
176,10,70,540.4500000000562
176,10,69,540.6000000000561
144,73,89,10.0,540.6000000000561
176,10,91,540.650000000056
176,10,91,540.700000000056
176,10,69,541.1000000000556
176,10,59,541.2000000000555
176,10,92,541.2500000000555
144,57,51,3.75,541.2500000000555
176,10,65,541.750000000055
176,10,77,541.9000000000549
144,71,48,10.0,541.9000000000549
176,10,74,541.9500000000548
144,74,40,10.0,541.9500000000548
176,10,83,542.1500000000547
144,55,45,5.0,542.1500000000547
176,10,85,542.1500000000547
144,47,52,7.5,542.1500000000547
176,10,60,542.3000000000545
144,71,103,5.0,542.3000000000545
176,10,75,542.7500000000541
176,10,52,542.850000000054
176,10,43,542.9500000000539
176,10,44,542.9500000000539
176,10,60,542.9500000000539
176,10,60,543.0000000000539
176,10,47,543.0500000000538
144,55,44,1.25,543.0500000000538
176,10,60,543.3000000000536
144,78,44,7.5,543.3000000000536
176,10,65,543.4000000000535
176,10,80,543.6000000000533
144,50,26,1.25,543.6000000000533
176,10,34,543.7500000000532
176,10,40,543.7500000000532
144,73,41,3.75,543.7500000000532
176,10,42,543.7500000000532
176,10,36,543.8000000000532
144,71,35,3.75,543.8000000000532
176,10,46,543.8500000000531
176,10,71,543.9000000000531
144,31,42,1.25,543.9000000000531
176,10,56,544.2000000000528
176,10,53,544.3000000000527
176,10,50,544.3000000000527
176,10,51,544.4500000000526
144,45,79,2.5,544.4500000000526
176,10,65,544.4500000000526
144,43,46,0.625,544.4500000000526
176,10,64,544.4500000000526
144,47,49,0.625,544.4500000000526
176,10,51,544.5500000000525
176,10,66,544.6000000000524
144,43,49,0.625,544.6000000000524
176,10,64,544.6000000000524
144,47,50,0.625,544.6000000000524
176,10,66,544.7500000000523
144,45,52,0.625,544.7500000000523
176,10,64,544.7500000000523
176,10,69,544.8500000000522
176,10,48,544.8500000000522
144,47,58,5.0,544.8500000000522
176,10,66,544.9000000000522
176,10,63,544.9000000000522
144,49,55,0.625,544.9000000000522
176,10,71,545.0000000000521
144,43,64,0.625,545.0000000000521
176,10,63,545.050000000052
144,52,60,0.625,545.050000000052
176,10,66,545.050000000052
144,52,61,0.625,545.050000000052
176,10,67,545.1500000000519
144,52,74,1.25,545.1500000000519
176,10,63,545.2000000000519
176,10,66,545.2000000000519
176,10,39,545.2500000000518
176,10,72,545.3000000000518
176,10,67,545.3500000000518
144,62,68,0.625,545.3500000000518
176,10,52,545.4000000000517
144,40,115,7.5,545.4000000000517
176,10,64,545.5000000000516
144,73,67,1.25,545.5000000000516
176,10,68,545.5000000000516
176,10,83,545.5500000000516
144,30,115,0.625,545.5500000000516
176,10,69,545.7000000000514
176,10,83,545.7000000000514
144,33,101,0.625,545.7000000000514
176,10,51,545.7500000000514
144,59,63,7.5,545.7500000000514
176,10,64,545.8000000000513
144,93,63,1.25,545.8000000000513
176,10,68,545.8000000000513
176,10,73,545.8500000000513
176,10,76,545.8500000000513
144,37,87,0.625,545.8500000000513
176,10,65,546.1000000000511
176,10,72,546.1000000000511
144,109,52,1.25,546.1000000000511
176,10,69,546.150000000051
176,10,73,546.3000000000509
176,10,73,546.4000000000508
176,10,65,546.4000000000508
176,10,76,546.5000000000507
176,10,39,546.5500000000507
144,107,91,3.75,546.5500000000507
176,10,80,546.6500000000506
176,10,84,546.9500000000503
176,10,62,546.9500000000503
176,10,55,546.9500000000503
144,73,45,3.75,546.9500000000503
176,10,83,547.0500000000502
144,83,33,2.5,547.0500000000502
176,10,79,547.1000000000502
144,31,101,3.75,547.1000000000502
176,10,59,547.2000000000501
176,10,76,547.25000000005
176,10,75,547.3500000000499
176,10,62,547.3500000000499
144,31,71,3.75,547.3500000000499
176,10,46,547.5000000000498
144,78,29,2.5,547.5000000000498
176,10,69,547.5500000000497
176,10,63,547.6500000000497
144,69,43,1.25,547.6500000000497
176,10,39,547.7500000000496
176,10,37,547.8000000000495
144,81,31,1.25,547.8000000000495
176,10,58,547.8500000000495
144,31,58,1.25,547.8500000000495
176,10,80,547.9000000000494
144,59,73,2.5,547.9000000000494
176,10,77,547.9000000000494
176,10,47,547.9500000000494
176,10,35,548.0500000000493
144,74,38,1.25,548.0500000000493
176,10,37,548.1000000000492
176,10,36,548.350000000049
176,10,38,548.400000000049
144,74,45,1.25,548.400000000049
176,10,49,548.400000000049
144,45,88,2.5,548.400000000049
176,10,30,548.5000000000489
176,10,58,548.5000000000489
144,25,73,7.5,548.5000000000489
176,10,61,548.7000000000487
176,10,67,548.8000000000486
144,50,60,1.25,548.8000000000486
176,10,38,548.9000000000485
144,52,60,2.5,548.9000000000485
176,10,40,548.9500000000485
176,10,65,548.9500000000485
176,10,60,549.450000000048
144,67,93,5.0,549.450000000048
176,10,36,549.500000000048
176,10,57,549.6000000000479
176,10,33,549.7500000000477
144,55,32,3.75,549.7500000000477
176,10,42,549.9500000000476
144,50,68,5.0,549.9500000000476
176,10,47,550.0000000000475
144,57,64,5.0,550.0000000000475
176,10,60,550.0500000000475
144,86,87,7.5,550.0500000000475
176,10,62,550.5000000000471
144,105,105,5.0,550.5000000000471
176,10,49,550.550000000047
144,55,70,3.75,550.550000000047
176,10,59,550.550000000047
144,47,55,5.0,550.550000000047
176,10,37,551.3500000000463
176,10,57,551.3500000000463
144,74,113,3.75,551.3500000000463
176,10,38,551.6000000000461
176,10,39,551.650000000046
176,10,52,551.9000000000458
176,10,45,552.0000000000457
176,10,50,552.0500000000457
144,61,116,10.0,552.0500000000457
176,10,72,552.1500000000456
144,67,59,3.75,552.1500000000456
176,10,69,552.2000000000455
144,25,48,2.5,552.2000000000455
176,10,62,552.4500000000453
176,10,35,552.5500000000452
144,54,100,10.0,552.5500000000452
176,10,64,552.750000000045
176,10,55,553.0500000000447
144,35,90,5.0,553.0500000000447
176,10,64,553.1000000000447
144,49,80,5.0,553.1000000000447
176,10,38,553.1500000000447
176,10,48,553.2500000000446
176,10,46,553.3500000000445
176,10,58,553.4500000000444
144,45,110,1.25,553.4500000000444
176,10,41,553.5500000000443
144,79,92,3.75,553.5500000000443
176,10,54,553.6000000000442
176,10,69,553.6500000000442
176,10,68,553.7500000000441
176,10,68,553.7500000000441
176,10,65,553.8000000000441
144,47,121,2.5,553.8000000000441
176,10,54,553.900000000044
176,10,80,553.9500000000439
144,40,121,1.25,553.9500000000439
176,10,70,554.0500000000438
144,90,54,1.25,554.0500000000438
176,10,78,554.0500000000438
144,35,118,1.25,554.0500000000438
176,10,65,554.0500000000438
144,54,67,0.625,554.0500000000438
176,10,90,554.1000000000438
144,49,108,1.25,554.1000000000438
176,10,66,554.2000000000437
144,59,77,10.0,554.2000000000437
176,10,68,554.2000000000437
144,59,69,0.625,554.2000000000437
176,10,89,554.2500000000437
144,38,119,1.25,554.2500000000437
176,10,86,554.3500000000436
176,10,69,554.3500000000436
176,10,70,554.3500000000436
144,64,71,0.625,554.3500000000436
176,10,74,554.3500000000436
176,10,90,554.4000000000435
176,10,92,554.5500000000434
144,40,115,1.25,554.5500000000434
176,10,71,554.6500000000433
176,10,74,554.6500000000433
176,10,88,554.6500000000433
176,10,90,554.8500000000431
144,43,112,1.25,554.8500000000431
176,10,70,554.8500000000431
144,78,93,3.75,554.8500000000431
176,10,72,554.950000000043
144,85,68,1.25,554.950000000043
176,10,76,554.950000000043
144,71,91,1.25,554.950000000043
176,10,84,554.950000000043
144,42,112,1.25,554.950000000043
176,10,72,555.1500000000428
144,33,70,3.75,555.1500000000428
176,10,76,555.2000000000428
144,97,60,3.75,555.2000000000428
176,10,81,555.2500000000427
144,50,112,1.25,555.2500000000427
176,10,86,555.4000000000426
144,62,113,2.5,555.4000000000426
176,10,72,555.5000000000425
144,98,72,2.5,555.5000000000425
176,10,78,555.5000000000425
176,10,37,555.7000000000423
176,10,79,555.8000000000422
176,10,85,555.9500000000421
144,79,110,2.5,555.9500000000421
176,10,64,556.3000000000418
176,10,82,556.3000000000418
176,10,49,556.4000000000417
144,61,57,7.5,556.4000000000417
176,10,73,556.5000000000416
176,10,84,556.6000000000415
176,10,91,556.7500000000414
176,10,80,556.9500000000412
144,69,44,2.5,556.9500000000412
176,10,68,557.0500000000411
176,10,56,557.1000000000411
176,10,42,557.2500000000409
176,10,54,557.3500000000408
176,10,89,557.3500000000408
144,100,103,5.0,557.3500000000408
176,10,55,557.5000000000407
144,45,68,0.625,557.5000000000407
176,10,83,557.6500000000406
176,10,59,557.8000000000404
144,61,74,1.25,557.8000000000404
176,10,85,557.8000000000404
144,90,109,5.0,557.8000000000404
176,10,70,557.9000000000403
176,10,92,558.0500000000402
144,67,97,3.75,558.0500000000402
176,10,69,558.3500000000399
176,10,40,558.5000000000398
144,76,104,7.5,558.5000000000398
176,10,68,558.9000000000394
176,10,78,559.1000000000392
144,73,73,5.0,559.1000000000392
176,10,65,559.2000000000392
144,81,101,7.5,559.2000000000392
176,10,80,559.3000000000391
144,66,53,3.75,559.3000000000391
176,10,67,559.350000000039
176,10,93,559.400000000039
144,90,69,5.0,559.400000000039
176,10,67,559.4500000000389
176,10,48,559.7000000000387
144,38,70,3.75,559.7000000000387
176,10,55,559.9000000000385
176,10,42,560.2500000000382
144,30,63,2.5,560.2500000000382
176,10,63,560.2500000000382
176,10,65,560.4000000000381
144,73,53,5.0,560.4000000000381
176,10,63,560.500000000038
176,10,54,560.8500000000377
144,35,94,7.5,560.8500000000377
176,10,47,560.9500000000376
144,76,117,5.0,560.9500000000376
176,10,37,561.0500000000375
144,67,78,3.75,561.0500000000375
176,10,67,561.4000000000372
176,10,58,561.4500000000371
144,73,115,10.0,561.4500000000371
176,10,77,561.600000000037
144,67,86,2.5,561.600000000037
176,10,91,561.7500000000368
144,49,93,3.75,561.7500000000368
176,10,54,562.0500000000366
144,38,70,1.25,562.0500000000366
176,10,93,562.0500000000366
144,54,84,7.5,562.0500000000366
176,10,76,562.2500000000364
176,10,69,562.3000000000363
176,10,45,562.3500000000363
176,10,78,562.4000000000362
176,10,81,562.4500000000362
144,98,82,5.0,562.4500000000362
176,10,71,562.4500000000362
176,10,66,562.4500000000362
176,10,47,562.6000000000361
144,88,27,2.5,562.6000000000361
176,10,68,562.6000000000361
176,10,67,562.6000000000361
176,10,68,562.7500000000359
176,10,66,562.7500000000359
144,67,98,0.625,562.7500000000359
176,10,67,563.0500000000357
176,10,66,563.0500000000357
144,64,108,1.25,563.0500000000357
176,10,54,563.1500000000356
176,10,70,563.2500000000355
176,10,62,563.3000000000354
176,10,67,563.3500000000354
176,10,38,563.4500000000353
176,10,66,563.6000000000352
144,47,114,2.5,563.6000000000352
176,10,62,563.6500000000351
176,10,68,563.9000000000349
144,38,108,2.5,563.9000000000349
176,10,85,564.0000000000348
176,10,52,564.0500000000347
144,76,103,3.75,564.0500000000347
176,10,68,564.4000000000344
176,10,69,564.7000000000342
144,47,102,3.75,564.7000000000342
176,10,90,564.7000000000342
144,85,109,5.0,564.7000000000342
176,10,71,564.850000000034
144,83,113,7.5,564.850000000034
176,10,73,565.1000000000338
144,90,76,5.0,565.1000000000338
176,10,76,565.2000000000337
144,97,108,10.0,565.2000000000337
176,10,63,565.9000000000331
176,10,61,565.950000000033
176,10,66,566.0500000000329
144,38,73,10.0,566.0500000000329
176,10,55,566.2500000000327
144,86,105,7.5,566.2500000000327
176,10,68,566.2500000000327
176,10,81,566.6500000000324
144,30,96,7.5,566.6500000000324
176,10,42,566.8000000000322
144,31,101,0.625,566.8000000000322
176,10,43,566.9500000000321
144,52,62,5.0,566.9500000000321
176,10,45,566.9500000000321
176,10,82,567.2500000000318
144,62,87,1.25,567.2500000000318
176,10,53,567.2500000000318
176,10,65,567.2500000000318
176,10,51,567.5000000000316
144,35,79,7.5,567.5000000000316
176,10,55,567.6000000000315
144,73,93,7.5,567.6000000000315
176,10,69,567.8000000000313
176,10,76,567.8000000000313
144,69,120,2.5,567.8000000000313
176,10,54,567.8000000000313
176,10,56,567.8000000000313
144,23,75,7.5,567.8000000000313
176,10,86,568.0500000000311
176,10,80,568.0500000000311
176,10,72,568.150000000031
176,10,83,568.3500000000308
176,10,85,568.3500000000308
144,30,76,2.5,568.3500000000308
176,10,81,568.3500000000308
144,28,74,2.5,568.3500000000308
176,10,81,568.6000000000306
176,10,94,568.6000000000306
144,21,97,3.75,568.6000000000306
176,10,72,568.6000000000306
176,10,70,568.6500000000306
176,10,70,568.6500000000306
176,10,75,568.6500000000306
176,10,65,568.9000000000303
144,30,73,1.25,568.9000000000303
176,10,60,568.9500000000303
144,35,67,1.25,568.9500000000303
176,10,56,568.9500000000303
176,10,65,568.9500000000303
144,35,71,1.25,568.9500000000303
176,10,42,569.1000000000301
176,10,50,569.1500000000301
144,49,51,2.5,569.1500000000301
176,10,36,569.1500000000301
144,50,65,2.5,569.1500000000301
176,10,54,569.2000000000301
144,33,68,1.25,569.2000000000301
176,10,63,569.2000000000301
176,10,46,569.25000000003
176,10,53,569.25000000003
144,40,66,1.25,569.25000000003
176,10,35,569.25000000003
144,42,64,0.625,569.25000000003
176,10,46,569.4500000000298
144,43,45,1.25,569.4500000000298
176,10,45,569.5000000000298
144,40,62,1.25,569.5000000000298
176,10,34,569.5500000000297
176,10,31,569.5500000000297
176,10,44,569.5500000000297
176,10,54,569.7000000000296
144,73,30,2.5,569.7000000000296
176,10,47,569.7500000000296
144,43,47,1.25,569.7500000000296
176,10,47,569.7500000000296
176,10,39,569.8000000000295
144,50,58,1.25,569.8000000000295
176,10,34,569.8500000000295
144,66,58,1.25,569.8500000000295
176,10,40,569.8500000000295
144,57,57,1.25,569.8500000000295
176,10,47,570.0500000000293
176,10,47,570.0500000000293
144,49,53,1.25,570.0500000000293
176,10,38,570.1000000000292
144,83,59,2.5,570.1000000000292
176,10,41,570.1500000000292
176,10,61,570.2500000000291
176,10,47,570.350000000029
176,10,48,570.350000000029
144,61,61,1.25,570.350000000029
176,10,39,570.350000000029
144,67,53,2.5,570.350000000029
176,10,42,570.400000000029
144,90,60,2.5,570.400000000029
176,10,48,570.6500000000287
176,10,49,570.6500000000287
176,10,45,570.7000000000287
144,85,51,2.5,570.7000000000287
176,10,47,570.9000000000285
144,86,52,2.5,570.9000000000285
176,10,50,570.9500000000285
144,73,76,1.25,570.9500000000285
176,10,51,570.9500000000285
144,76,76,1.25,570.9500000000285
176,10,53,571.1000000000283
176,10,53,571.1500000000283
176,10,53,571.2500000000282
144,74,77,1.25,571.2500000000282
176,10,56,571.2500000000282
176,10,56,571.2500000000282
144,79,76,0.625,571.2500000000282
176,10,60,571.3000000000281
144,90,95,5.0,571.3000000000281
176,10,58,571.4000000000281
144,79,74,0.625,571.4000000000281
176,10,58,571.4000000000281
176,10,60,571.450000000028
176,10,60,571.5500000000279
176,10,61,571.5500000000279
176,10,58,571.7000000000278
176,10,63,571.7000000000278
144,78,64,0.625,571.7000000000278
176,10,63,571.7000000000278
144,74,65,0.625,571.7000000000278
176,10,63,571.8000000000277
144,103,50,2.5,571.8000000000277
176,10,65,571.8500000000276
176,10,66,571.8500000000276
176,10,68,572.0000000000275
176,10,68,572.0000000000275
176,10,85,572.1000000000274
144,90,78,3.75,572.1000000000274
176,10,69,572.1500000000274
176,10,70,572.1500000000274
144,69,44,0.625,572.1500000000274
176,10,71,572.3000000000272
176,10,72,572.3000000000272
176,10,71,572.4500000000271
144,67,26,0.625,572.4500000000271
176,10,73,572.4500000000271
176,10,62,572.5000000000271
144,79,39,3.75,572.5000000000271
176,10,62,572.600000000027
144,78,40,3.75,572.600000000027
176,10,72,572.600000000027
176,10,75,572.600000000027
144,59,32,0.625,572.600000000027
176,10,78,572.6500000000269
176,10,74,572.9000000000267
176,10,71,572.9000000000267
176,10,59,573.1500000000265
176,10,86,573.2000000000264
176,10,60,573.3000000000263
144,57,39,3.75,573.3000000000263
176,10,61,573.4500000000262
176,10,73,573.4500000000262
144,30,64,2.5,573.4500000000262
176,10,89,573.5000000000261
176,10,63,573.6000000000261
176,10,62,573.6000000000261
176,10,70,573.700000000026
144,28,75,3.75,573.700000000026
176,10,61,573.700000000026
176,10,63,573.7500000000259
144,49,44,0.625,573.7500000000259
176,10,65,573.9000000000258
176,10,64,573.9000000000258
176,10,42,574.0000000000257
176,10,66,574.0000000000257
144,74,35,3.75,574.0000000000257
176,10,52,574.0500000000256
144,74,36,2.5,574.0500000000256
176,10,64,574.0500000000256
144,40,47,0.625,574.0500000000256
176,10,40,574.1500000000256
144,74,72,0.625,574.1500000000256
176,10,67,574.2000000000255
176,10,65,574.2000000000255
144,37,48,0.625,574.2000000000255
176,10,74,574.2500000000255
176,10,44,574.3000000000254
144,71,34,1.25,574.3000000000254
176,10,38,574.3500000000254
176,10,65,574.3500000000254
176,10,49,574.4500000000253
144,64,75,1.25,574.4500000000253
176,10,68,574.5000000000252
176,10,76,574.5000000000252
176,10,35,574.5000000000252
176,10,66,574.5000000000252
144,31,48,0.625,574.5000000000252
176,10,83,574.5500000000252
144,42,73,1.25,574.5500000000252
176,10,39,574.6000000000251
144,66,34,1.25,574.6000000000251
176,10,34,574.6500000000251
144,62,35,0.625,574.6500000000251
176,10,68,574.6500000000251
176,10,86,574.6500000000251
176,10,85,574.700000000025
144,47,68,0.625,574.700000000025
176,10,70,574.800000000025
144,28,48,1.25,574.800000000025
176,10,34,574.800000000025
176,10,71,574.800000000025
144,30,50,0.625,574.800000000025
176,10,86,574.800000000025
176,10,84,574.8500000000249
144,52,61,0.625,574.8500000000249
176,10,37,574.9000000000249
176,10,74,574.9500000000248
176,10,84,574.9500000000248
176,10,64,575.0000000000248
176,10,79,575.0000000000248
144,54,54,0.625,575.0000000000248
176,10,34,575.1000000000247
176,10,76,575.1000000000247
176,10,77,575.1000000000247
176,10,80,575.1000000000247
144,52,51,0.625,575.1000000000247
176,10,36,575.2000000000246
144,54,35,1.25,575.2000000000246
176,10,76,575.2500000000246
176,10,80,575.2500000000246
144,35,53,0.625,575.2500000000246
176,10,75,575.3000000000245
176,10,37,575.4000000000244
176,10,83,575.4000000000244
144,33,51,1.25,575.4000000000244
176,10,83,575.4000000000244
144,37,54,0.625,575.4000000000244
176,10,72,575.5500000000243
144,54,36,1.25,575.5500000000243
176,10,86,575.5500000000243
176,10,43,575.7000000000241
144,45,40,1.25,575.7000000000241
176,10,89,575.7000000000241
144,38,47,1.25,575.7000000000241
176,10,86,575.7000000000241
176,10,39,575.7500000000241
144,43,39,2.5,575.7500000000241
176,10,66,575.850000000024
176,10,89,576.0000000000239
176,10,86,576.0000000000239
176,10,91,576.0500000000238
144,55,51,5.0,576.0500000000238
176,10,63,576.1000000000238
176,10,60,576.2000000000237
144,66,57,0.625,576.2000000000237
176,10,53,576.2500000000236
176,10,83,576.3000000000236
144,45,42,1.25,576.3000000000236
176,10,80,576.3000000000236
176,10,55,576.5000000000234
144,83,65,1.25,576.5000000000234
176,10,52,576.5500000000234
176,10,51,576.6500000000233
144,62,71,3.75,576.6500000000233
176,10,74,576.8500000000231
144,59,46,2.5,576.8500000000231
176,10,70,576.8500000000231
176,10,53,576.900000000023
176,10,84,577.0500000000229
144,47,52,3.75,577.0500000000229
176,10,46,577.3000000000227
144,79,78,3.75,577.3000000000227
176,10,84,577.6000000000224
144,33,54,5.0,577.6000000000224
176,10,56,577.7000000000223
176,10,50,577.7000000000223
144,81,72,5.0,577.7000000000223
176,10,54,577.9000000000221
176,10,47,577.9000000000221
144,86,112,5.0,577.9000000000221
176,10,79,578.100000000022
176,10,46,578.5000000000216
176,10,46,578.5000000000216
176,10,51,578.8500000000213
144,43,73,7.5,578.8500000000213
176,10,55,578.9500000000212
176,10,60,578.9500000000212
176,10,69,579.150000000021
176,10,64,579.6500000000206
176,10,60,579.9000000000203
144,109,66,5.0,579.9000000000203
176,10,45,580.0500000000202
176,10,38,580.20000000002
144,40,105,2.5,580.20000000002
176,10,41,580.3500000000199
176,10,69,580.4500000000198
176,10,65,580.5000000000198
144,81,64,7.5,580.5000000000198
176,10,64,580.5000000000198
144,81,58,7.5,580.5000000000198
176,10,43,580.5000000000198
176,10,45,580.5500000000197
144,102,89,10.0,580.5500000000197
176,10,45,580.6500000000196
176,10,48,580.7000000000196
176,10,79,580.7500000000196
144,28,108,1.25,580.7500000000196
176,10,47,580.8000000000195
144,42,107,0.625,580.8000000000195
176,10,76,580.9000000000194
176,10,48,580.9500000000194
144,43,108,0.625,580.9500000000194
176,10,48,581.0000000000193
144,40,106,1.25,581.0000000000193
176,10,67,581.0500000000193
176,10,65,581.0500000000193
144,98,81,2.5,581.0500000000193
176,10,50,581.1000000000192
176,10,71,581.2000000000191
176,10,51,581.2500000000191
176,10,49,581.300000000019
176,10,74,581.350000000019
144,105,86,1.25,581.350000000019
176,10,52,581.400000000019
176,10,53,581.5500000000188
176,10,51,581.6000000000188
176,10,75,581.6000000000188
144,103,80,2.5,581.6000000000188
176,10,44,581.6000000000188
144,85,85,7.5,581.6000000000188
176,10,54,581.7000000000187
144,42,115,0.625,581.7000000000187
176,10,63,581.7500000000186
176,10,55,581.8500000000186
144,40,116,0.625,581.8500000000186
176,10,52,581.9000000000185
144,35,114,1.25,581.9000000000185
176,10,78,581.9000000000185
144,97,83,2.5,581.9000000000185
176,10,56,582.0000000000184
144,38,116,0.625,582.0000000000184
176,10,54,582.1000000000183
176,10,58,582.1500000000183
144,38,116,0.625,582.1500000000183
176,10,54,582.2000000000182
144,33,114,1.25,582.2000000000182
176,10,73,582.2500000000182
144,52,92,0.625,582.2500000000182
176,10,61,582.3000000000181
144,40,115,0.625,582.3000000000181
176,10,78,582.400000000018
144,79,81,3.75,582.400000000018
176,10,69,582.400000000018
176,10,75,582.400000000018
144,52,92,0.625,582.400000000018
176,10,64,582.450000000018
144,43,114,0.625,582.450000000018
176,10,59,582.500000000018
144,38,111,1.25,582.500000000018
176,10,63,582.5500000000179
144,69,73,3.75,582.5500000000179
176,10,76,582.5500000000179
176,10,74,582.5500000000179
176,10,74,582.7000000000178
176,10,69,582.7500000000177
176,10,68,582.8000000000177
144,49,108,1.25,582.8000000000177
176,10,74,582.8500000000176
176,10,72,582.8500000000176
144,52,99,1.25,582.8500000000176
176,10,78,583.0500000000175
176,10,73,583.1500000000174
176,10,86,583.3500000000172
176,10,77,583.3500000000172
144,62,107,2.5,583.3500000000172
176,10,75,583.4000000000171
144,67,108,2.5,583.4000000000171
176,10,66,583.600000000017
144,61,94,5.0,583.600000000017
176,10,77,583.7000000000169
176,10,67,583.7500000000168
144,43,118,5.0,583.7500000000168
176,10,71,583.9000000000167
176,10,88,583.9000000000167
176,10,90,583.9000000000167
144,73,110,2.5,583.9000000000167
176,10,87,583.9000000000167
144,45,116,0.625,583.9000000000167
176,10,66,583.9500000000166
176,10,74,584.0500000000166
144,93,112,0.625,584.0500000000166
176,10,88,584.0500000000166
176,10,85,584.1000000000165
144,49,106,0.625,584.1000000000165
176,10,84,584.2000000000164
176,10,87,584.2000000000164
144,49,106,0.625,584.2000000000164
176,10,74,584.2000000000164
144,97,110,0.625,584.2000000000164
176,10,85,584.2500000000164
144,50,101,0.625,584.2500000000164
176,10,86,584.3500000000163
144,49,101,0.625,584.3500000000163
176,10,83,584.4000000000162
176,10,89,584.4500000000162
176,10,91,584.4500000000162
144,71,111,2.5,584.4500000000162
176,10,72,584.5000000000161
144,103,106,1.25,584.5000000000161
176,10,85,584.5000000000161
144,61,114,3.75,584.5000000000161
176,10,85,584.5000000000161
144,49,96,0.625,584.5000000000161
176,10,82,584.5500000000161
144,50,91,0.625,584.5500000000161
176,10,84,584.650000000016
176,10,81,584.700000000016
176,10,83,584.8000000000159
176,10,80,584.8500000000158
144,50,82,0.625,584.8500000000158
176,10,82,584.9500000000157
176,10,83,585.0000000000157
176,10,84,585.0000000000157
176,10,82,585.0000000000157
176,10,81,585.1000000000156
144,47,82,0.625,585.1000000000156
176,10,79,585.1500000000156
176,10,81,585.2500000000155
176,10,67,585.3000000000154
144,71,85,3.75,585.3000000000154
176,10,78,585.3000000000154
144,54,108,3.75,585.3000000000154
176,10,82,585.4000000000153
144,45,81,0.625,585.4000000000153
176,10,79,585.4500000000153
176,10,78,585.5500000000152
176,10,83,585.5500000000152
176,10,85,585.700000000015
144,38,90,0.625,585.700000000015
176,10,81,585.750000000015
144,40,86,1.25,585.750000000015
176,10,80,585.800000000015
144,55,93,3.75,585.800000000015
176,10,73,585.800000000015
144,83,88,3.75,585.800000000015
176,10,86,586.0000000000148
144,30,101,1.25,586.0000000000148
176,10,84,586.0500000000147
144,33,96,1.25,586.0500000000147
176,10,82,586.1000000000147
144,25,99,2.5,586.1000000000147
176,10,76,586.1000000000147
176,10,89,586.3000000000145
176,10,87,586.3500000000145
144,33,103,1.25,586.3500000000145
176,10,57,586.3500000000145
176,10,90,586.4000000000144
144,26,105,1.25,586.4000000000144
176,10,89,586.6000000000142
144,35,117,1.25,586.6000000000142
176,10,88,586.6000000000142
176,10,56,586.6500000000142
176,10,91,586.6500000000142
176,10,90,586.7000000000141
144,33,111,1.25,586.7000000000141
176,10,88,586.900000000014
176,10,87,587.1500000000137
144,54,115,2.5,587.1500000000137
176,10,89,587.1500000000137
176,10,90,587.2000000000137
176,10,90,587.2500000000136
144,54,118,2.5,587.2500000000136
176,10,67,587.3500000000136
144,71,41,7.5,587.3500000000136
176,10,88,587.4500000000135
144,71,113,2.5,587.4500000000135
176,10,74,587.4500000000135
176,10,62,587.6500000000133
176,10,85,587.7000000000132
176,10,90,587.7500000000132
176,10,64,587.950000000013
176,10,88,587.950000000013
176,10,90,588.0500000000129
176,10,67,588.2500000000127
176,10,89,588.2500000000127
176,10,86,588.5000000000125
144,97,106,3.75,588.5000000000125
176,10,80,588.5000000000125
176,10,71,588.5500000000125
176,10,91,588.5500000000125
144,93,110,3.75,588.5500000000125
176,10,44,588.6500000000124
176,10,38,588.8000000000122
144,45,39,0.625,588.8000000000122
176,10,33,588.9500000000121
144,50,31,0.625,588.9500000000121
176,10,89,589.000000000012
176,10,74,589.100000000012
144,76,43,2.5,589.100000000012
176,10,90,589.100000000012
144,93,99,5.0,589.100000000012
176,10,33,589.2500000000118
144,66,32,1.25,589.2500000000118
176,10,88,589.8000000000113
176,10,44,590.0500000000111
144,81,75,3.75,590.0500000000111
176,10,86,590.0500000000111
144,97,98,7.5,590.0500000000111
176,10,90,590.100000000011
144,93,101,7.5,590.100000000011
176,10,72,590.150000000011
144,61,49,5.0,590.150000000011
176,10,86,590.5500000000106
144,91,101,7.5,590.5500000000106
176,10,87,590.6500000000106
176,10,71,591.6000000000097
144,35,68,7.5,591.6000000000097
176,10,84,591.6500000000096
144,74,77,7.5,591.6500000000096
176,10,33,591.7000000000096
144,54,63,7.5,591.7000000000096
176,10,80,591.8500000000095
144,67,64,10.0,591.8500000000095
176,10,79,592.1000000000092
176,10,36,592.1500000000092
144,74,46,2.5,592.1500000000092
176,10,83,592.6000000000088
176,10,81,592.7000000000087
176,10,54,593.2000000000082
176,10,85,593.2000000000082
144,30,58,7.5,593.2000000000082
176,10,73,593.2500000000082
144,91,71,7.5,593.2500000000082
176,10,73,593.400000000008
176,10,84,593.400000000008
176,10,44,593.400000000008
144,79,76,0.625,593.400000000008
176,10,56,593.500000000008
144,40,110,1.25,593.500000000008
176,10,73,593.500000000008
176,10,65,593.5500000000079
176,10,80,593.6500000000078
176,10,64,593.6500000000078
144,28,55,0.625,593.6500000000078
176,10,44,593.6500000000078
144,40,102,0.625,593.6500000000078
176,10,51,593.7000000000078
176,10,62,593.7000000000078
176,10,63,593.7000000000078
144,43,61,0.625,593.7000000000078
176,10,72,593.7500000000077
144,26,52,2.5,593.7500000000077
176,10,64,593.8000000000077
144,30,48,0.625,593.8000000000077
176,10,63,593.8000000000077
176,10,47,593.8000000000077
144,42,89,0.625,593.8000000000077
176,10,62,593.8500000000076
176,10,59,593.8500000000076
176,10,70,593.9000000000076
176,10,64,593.9500000000075
144,35,47,0.625,593.9500000000075
176,10,62,593.9500000000075
144,35,50,0.625,593.9500000000075
176,10,56,594.0000000000075
176,10,70,594.0500000000075
144,31,46,0.625,594.0500000000075
176,10,52,594.1000000000074
144,43,63,1.25,594.1000000000074
176,10,65,594.1000000000074
144,37,45,0.625,594.1000000000074
176,10,63,594.1000000000074
144,35,47,0.625,594.1000000000074
176,10,62,594.1500000000074
176,10,54,594.1500000000074
144,64,101,0.625,594.1500000000074
176,10,71,594.2000000000073
144,33,42,0.625,594.2000000000073
176,10,61,594.2500000000073
144,31,76,2.5,594.2500000000073
176,10,65,594.2500000000073
176,10,63,594.2500000000073
144,37,45,0.625,594.2500000000073
176,10,52,594.3000000000072
176,10,72,594.3500000000072
144,35,40,0.625,594.3500000000072
176,10,66,594.4000000000071
144,38,41,0.625,594.4000000000071
176,10,64,594.4000000000071
176,10,62,594.4500000000071
144,54,60,1.25,594.4500000000071
176,10,73,594.500000000007
144,37,39,0.625,594.500000000007
176,10,67,594.550000000007
176,10,64,594.550000000007
144,35,40,0.625,594.550000000007
176,10,50,594.600000000007
176,10,73,594.6500000000069
176,10,67,594.7000000000069
144,38,37,0.625,594.7000000000069
176,10,65,594.7000000000069
144,35,36,0.625,594.7000000000069
176,10,74,594.8000000000068
176,10,65,594.8500000000067
176,10,67,594.8500000000067
176,10,63,594.9000000000067
176,10,59,595.0000000000066
144,31,55,2.5,595.0000000000066
176,10,68,595.0000000000066
176,10,69,595.0500000000065
176,10,75,595.1000000000065
176,10,66,595.1500000000065
144,33,31,1.25,595.1500000000065
176,10,43,595.1500000000065
144,54,71,2.5,595.1500000000065
176,10,69,595.3000000000063
144,37,33,1.25,595.3000000000063
176,10,74,595.4000000000062
144,35,30,1.25,595.4000000000062
176,10,66,595.4500000000062
144,35,31,1.25,595.4500000000062
176,10,41,595.5500000000061
144,52,69,2.5,595.5500000000061
176,10,67,595.600000000006
144,38,35,1.25,595.600000000006
176,10,51,595.600000000006
176,10,69,595.700000000006
144,38,33,1.25,595.700000000006
176,10,77,595.700000000006
176,10,62,595.7500000000059
144,38,34,1.25,595.7500000000059
176,10,61,595.9000000000058
176,10,49,595.9000000000058
144,76,85,1.25,595.9000000000058
176,10,61,596.0000000000057
144,43,37,1.25,596.0000000000057
176,10,51,596.0000000000057
176,10,53,596.0500000000056
144,43,39,1.25,596.0500000000056
176,10,47,596.0500000000056
176,10,51,596.2000000000055
176,10,57,596.2000000000055
144,76,52,5.0,596.2000000000055
176,10,53,596.3500000000054
144,62,65,1.25,596.3500000000054
176,10,45,596.3500000000054
176,10,52,596.5500000000052
144,55,54,2.5,596.5500000000052
176,10,44,596.6000000000051
176,10,41,596.750000000005
144,66,77,2.5,596.750000000005
176,10,57,597.0000000000048
144,47,87,3.75,597.0000000000048
176,10,33,597.0500000000047
144,59,60,5.0,597.0500000000047
176,10,36,597.1000000000047
144,67,77,2.5,597.1000000000047
176,10,32,597.1500000000046
176,10,62,597.1500000000046
144,73,44,3.75,597.1500000000046
176,10,66,597.1500000000046
176,10,34,597.1500000000046
144,52,85,0.625,597.1500000000046
176,10,38,597.3000000000045
144,78,101,2.5,597.3000000000045
176,10,48,597.4500000000044
144,59,74,1.25,597.4500000000044
176,10,41,597.4500000000044
176,10,41,597.6500000000042
144,71,91,2.5,597.6500000000042
176,10,43,597.9500000000039
144,64,108,3.75,597.9500000000039
176,10,54,598.0000000000039
144,79,84,2.5,598.0000000000039
176,10,55,598.1000000000038
176,10,52,598.2500000000036
176,10,61,598.4500000000035
144,61,103,3.75,598.4500000000035
176,10,54,598.7000000000032
144,54,105,7.5,598.7000000000032
176,10,81,598.7500000000032
144,62,89,3.75,598.7500000000032
176,10,96,598.900000000003
176,10,81,599.1000000000029
176,10,64,599.2000000000028
176,10,89,599.2500000000027
176,10,75,599.3000000000027
144,76,84,2.5,599.3000000000027
176,10,59,599.5000000000025
144,78,72,1.25,599.5000000000025
176,10,86,599.5000000000025
176,10,70,599.5500000000025
176,10,81,599.5500000000025
144,50,87,7.5,599.5500000000025
176,10,63,599.6000000000024
144,81,85,1.25,599.6000000000024
176,10,78,599.8500000000022
144,52,74,1.25,599.8500000000022
176,10,63,599.8500000000022
176,10,59,599.9000000000021
144,88,97,1.25,599.9000000000021
176,10,58,600.050000000002
176,10,62,600.1500000000019
176,10,52,600.1500000000019
144,100,111,1.25,600.1500000000019
176,10,83,600.3000000000018
144,61,50,10.0,600.3000000000018
176,10,48,600.4500000000016
144,64,50,1.25,600.4500000000016
176,10,38,600.4500000000016
176,10,55,600.4500000000016
144,95,121,2.5,600.4500000000016
176,10,90,600.5500000000015
176,10,55,600.8500000000013
144,95,117,3.75,600.8500000000013
176,10,34,601.0000000000011
176,10,45,601.100000000001
144,73,77,2.5,601.100000000001
176,10,38,601.100000000001
176,10,76,601.150000000001
176,10,33,601.2500000000009
144,67,57,3.75,601.2500000000009
176,10,42,601.2500000000009
176,10,64,601.4500000000007
176,10,43,601.9000000000003
176,10,32,601.9000000000003
176,10,44,602.0000000000002
